timestamp,CH1,CH2,CH3,CH4,CH5,CH6,CH7,CH8,X,Y,Z,TEMP
2025-09-01 23:57:39.095000,2310.165,964.275,1124.955,938.925,700.635,670.995,736.71,584.8050000000001,28,62,-950,-64
2025-09-01 23:57:39.102250,405.795,89.31,282.75,97.695,70.2,45.63,-69.61500000000001,-51.09,28,59,-950,-128
2025-09-01 23:57:39.109500,-1613.8200000000002,-940.095,-898.95,-883.1550000000001,-711.945,-734.1750000000001,-976.365,-820.755,33,63,-952,-64
2025-09-01 23:57:39.116750,-2581.605,-1446.12,-1816.815,-1360.905,-1139.775,-1138.605,-1355.055,-1176.045,33,62,-953,-128
2025-09-01 23:57:39.124000,-2559.96,-1374.75,-1938.495,-1309.23,-1087.515,-1057.485,-1194.375,-1016.535,30,62,-955,-128
2025-09-01 23:57:39.131250,-1533.87,-696.735,-791.505,-686.01,-488.865,-451.62,-511.485,-412.035,26,59,-949,-192
2025-09-01 23:57:39.138500,-607.815,-102.765,103.35,-138.645,-21.84,11.31,29.835,17.355,26,59,-949,-192
2025-09-01 23:57:39.153000,1089.855,804.375,1071.525,746.265,653.835,674.7,853.515,741.585,21,64,-948,-128
2025-09-01 23:57:39.168000,3416.205,1587.69,1743.3,1524.315,1168.44,1156.35,1421.745,1211.34,22,63,-949,-128
2025-09-01 23:57:39.183000,3457.35,1501.5,1640.73,1448.655,1099.605,1072.89,1284.66,1042.08,28,62,-948,-64
2025-09-01 23:57:39.198000,2291.64,968.175,1128.075,926.64,716.235,675.48,740.4150000000001,633.945,28,62,-948,-192
2025-09-01 23:57:39.213000,-104.52,-168.48000000000002,26.52,-154.05,-106.665,-138.06,-301.08,-232.635,24,64,-935,-128
2025-09-01 23:57:39.228000,-1442.61,-859.5600000000001,-774.15,-810.03,-635.895,-661.245,-907.92,-783.51,24,64,-939,-128
2025-09-01 23:57:39.243000,-2560.935,-1420.38,-1790.6850000000002,-1356.225,-1115.205,-1109.94,-1334.19,-1118.91,30,64,-943,-64
2025-09-01 23:57:39.273000,-2409.615,-1277.055,-1794.78,-1236.885,-1007.76,-969.93,-1098.045,-923.325,28,62,-943,-128
2025-09-01 23:57:39.284250,-1850.355,-900.9,-1123.59,-878.865,-658.515,-617.76,-704.73,-615.03,28,62,-943,-64
2025-09-01 23:57:39.295500,-596.7,-102.18,101.985,-139.815,-11.505,18.525,41.34,58.5,28,62,-945,-64
2025-09-01 23:57:39.306750,1335.555,904.605,1162.005,835.38,724.815,742.95,938.535,807.105,22,63,-945,-128
2025-09-01 23:57:39.318000,2897.7000000000003,1457.43,1643.85,1385.67,1098.435,1098.045,1357.98,1134.315,25,63,-947,-192
2025-09-01 23:57:39.329250,3476.2650000000003,1501.305,1638.585,1456.4550000000002,1108.38,1080.495,1298.505,1098.435,29,64,-946,-128
2025-09-01 23:57:39.340500,1828.32,741.39,911.43,705.705,545.025,512.265,528.84,457.86,28,65,-946,-64
2025-09-01 23:57:39.363000,392.73,66.885,263.25,61.425,63.57,32.76,-87.555,-85.8,28,65,-946,-64
2025-09-01 23:57:39.374125,-1454.505,-855.855,-776.2950000000001,-811.7850000000001,-634.53,-653.64,-899.5350000000001,-735.5400000000001,31,63,-967,-192
2025-09-01 23:57:39.385250,-2672.28,-1476.15,-1947.075,-1406.73,-1164.15,-1155.375,-1346.865,-1136.265,31,63,-958,-64
2025-09-01 23:57:39.396375,-2596.23,-1382.745,-1942.59,-1336.92,-1099.41,-1064.115,-1207.245,-1052.22,31,62,-954,-128
2025-09-01 23:57:39.407500,-1830.855,-889.005,-1111.695,-875.94,-654.8100000000001,-610.9350000000001,-691.08,-579.15,30,66,-954,-192
2025-09-01 23:57:39.418625,-192.66,131.235,389.025,84.24000000000001,159.315,195.78,261.885,234.78,30,65,-956,-192
2025-09-01 23:57:39.429750,1078.545,785.85,1063.725,724.4250000000001,639.405,664.5600000000001,842.7900000000001,683.6700000000001,29,65,-960,-192
2025-09-01 23:57:39.452000,2914.665,1472.835,1657.11,1408.485,1106.625,1104.285,1378.26,1160.64,27,64,-953,-128
2025-09-01 23:57:39.463250,3306.42,1409.655,1546.35,1365.78,1033.11,1007.955,1192.035,1006.005,28,66,-950,-128
2025-09-01 23:57:39.474500,2278.185,945.165,1111.11,912.6,698.2950000000001,670.02,723.84,575.25,27,64,-945,-128
2025-09-01 23:57:39.485750,376.74,72.15,269.685,77.415,71.955,47.775,-77.805,-54.795,27,64,-945,-128
2025-09-01 23:57:39.497000,-1633.515,-959.985,-908.31,-897.975,-714.48,-725.205,-981.435,-833.4300000000001,30,64,-947,-192
2025-09-01 23:57:39.508250,-2592.915,-1453.335,-1810.77,-1374.945,-1140.945,-1127.49,-1357.395,-1183.455,30,69,-944,-64
2025-09-01 23:57:39.519500,-2565.42,-1378.65,-1928.94,-1314.885,-1093.95,-1046.175,-1195.155,-1019.07,29,64,-948,-256
2025-09-01 23:57:39.542000,-1519.8300000000002,-691.6650000000001,-768.885,-682.89,-478.725,-437.97,-498.81,-412.815,29,65,-948,-128
2025-09-01 23:57:39.549625,-611.91,-104.52,100.62,-141.57,-15.99,15.795,32.76,10.335,29,65,-948,-128
2025-09-01 23:57:39.557250,1086.93,801.255,1061.19,739.0500000000001,649.74,684.645,859.1700000000001,737.1,22,57,-947,-64
2025-09-01 23:57:39.564875,3316.365,1569.165,1717.56,1509.3,1160.64,1155.96,1419.795,1212.12,23,63,-947,-128
2025-09-01 23:57:39.572500,3446.625,1499.745,1626.885,1448.265,1098.63,1083.225,1284.66,1060.605,27,64,-948,-128
2025-09-01 23:57:39.580125,2273.505,960.18,1111.11,925.08,708.4350000000001,679.77,736.71,635.115,27,63,-949,-128
2025-09-01 23:57:39.587750,-125.97,-173.35500000000002,7.995,-154.44,-107.445,-131.04,-304.005,-229.125,28,62,-949,-128
2025-09-01 23:57:39.603000,-1460.55,-868.5300000000001,-794.235,-814.125,-645.84,-649.9350000000001,-911.625,-784.6800000000001,28,62,-949,-128
2025-09-01 23:57:39.614125,-2565.615,-1437.15,-1806.675,-1351.155,-1120.47,-1102.53,-1333.215,-1119.3,28,62,-947,-64
2025-09-01 23:57:39.625250,-2413.905,-1279.2,-1799.85,-1232.2050000000002,-1001.52,-961.545,-1095.9,-925.08,28,62,-948,-128
2025-09-01 23:57:39.636375,-1853.865,-895.0500000000001,-1118.325,-878.6700000000001,-656.1750000000001,-610.155,-706.095,-608.205,28,59,-949,-128
2025-09-01 23:57:39.647500,-595.725,-94.575,103.545,-126.555,-11.7,23.79,44.265,57.135000000000005,28,59,-949,-128
2025-09-01 23:57:39.658625,1343.94,908.31,1157.715,844.5450000000001,728.91,750.945,941.265,811.2,25,67,-931,-64
2025-09-01 23:57:39.669750,2903.745,1455.87,1634.295,1395.225,1093.365,1091.805,1352.52,1118.325,23,69,-929,-64
2025-09-01 23:57:39.692000,3467.49,1493.895,1623.18,1459.77,1107.6,1088.1,1296.165,1096.29,21,66,-936,-128
2025-09-01 23:57:39.699750,1840.8,740.025,913.38,722.475,556.335,524.5500000000001,537.4200000000001,465.075,22,63,-944,-64
2025-09-01 23:57:39.707500,384.345,52.65,257.01,64.74000000000001,64.545,36.66,-93.21,-90.675,22,63,-944,-64
2025-09-01 23:57:39.715250,-1461.72,-865.995,-786.0450000000001,-805.155,-634.335,-656.76,-902.07,-740.22,30,64,-956,-64
2025-09-01 23:57:39.723000,-2688.855,-1489.02,-1987.44,-1404.0,-1167.465,-1148.94,-1341.795,-1127.88,30,63,-951,-192
2025-09-01 23:57:39.730750,-2598.765,-1392.3,-1952.925,-1330.875,-1097.85,-1066.065,-1207.635,-1061.775,28,57,-957,-128
2025-09-01 23:57:39.738500,-1826.37,-891.15,-1110.72,-861.9,-639.99,-611.91,-688.74,-565.695,24,58,-951,-64
2025-09-01 23:57:39.754000,-176.28,132.405,389.025,100.23,171.015,192.855,269.88,251.94,26,59,-949,-128
2025-09-01 23:57:39.765125,1095.315,791.7,1056.12,738.465,651.105,666.12,854.88,702.975,26,59,-949,-128
2025-09-01 23:57:39.776250,2933.775,1477.515,1650.675,1417.065,1111.89,1107.6,1381.965,1171.95,26,59,-952,-64
2025-09-01 23:57:39.787375,3311.1,1403.22,1536.795,1374.165,1038.765,1002.69,1191.06,1015.95,29,60,-946,-128
2025-09-01 23:57:39.798500,2275.455,935.22,1099.02,911.04,701.8050000000001,656.37,725.205,577.395,32,64,-949,-192
2025-09-01 23:57:39.809625,367.77,62.79,255.255,81.12,76.44,32.76,-78.97500000000001,-54.21,32,64,-949,-192
2025-09-01 23:57:39.820750,-1642.875,-968.955,-930.93,-898.755,-718.1850000000001,-741.585,-985.14,-819.975,33,67,-954,-128
2025-09-01 23:57:39.843000,-2597.5950000000003,-1463.28,-1841.385,-1369.29,-1139.19,-1140.36,-1354.86,-1171.755,34,72,-956,-128
2025-09-01 23:57:39.850500,-2562.885,-1383.525,-1950.975,-1306.5,-1085.76,-1051.44,-1189.305,-1004.64,28,68,-952,-64
2025-09-01 23:57:39.858000,-1510.275,-689.325,-770.0550000000001,-662.8050000000001,-479.115,-438.75,-489.45,-395.46,28,65,-950,-192
2025-09-01 23:57:39.865500,-598.455,-106.86,101.79,-122.46,-18.915,14.43,50.7,21.255,28,65,-950,-192
2025-09-01 23:57:39.873000,1106.04,807.495,1061.775,765.375,656.565,683.085,872.235,751.335,24,66,-942,-128
2025-09-01 23:57:39.880500,3339.1800000000003,1567.215,1715.805,1529.775,1164.15,1147.38,1437.345,1211.73,26,64,-946,-128
2025-09-01 23:57:39.888000,3462.615,1494.87,1622.79,1466.01,1101.555,1074.06,1296.165,1059.435,22,70,-949,-192
2025-09-01 23:57:39.903000,2276.82,951.21,1107.015,941.46,705.705,670.995,744.51,630.0450000000001,22,67,-953,-192
2025-09-01 23:57:39.914250,-134.16,-176.28,1.56,-140.4,-113.295,-143.91,-297.96000000000004,-235.56,24,65,-951,-128
2025-09-01 23:57:39.925500,-1473.03,-873.21,-801.0600000000001,-799.5,-643.5,-672.75,-905.775,-785.655,24,65,-951,-128
2025-09-01 23:57:39.936750,-2575.755,-1436.37,-1804.14,-1339.4550000000002,-1120.665,-1114.035,-1327.365,-1115.01,22,62,-949,-128
2025-09-01 23:57:39.948000,-2412.54,-1283.685,-1774.5,-1214.46,-1003.08,-964.08,-1089.465,-915.525,22,62,-949,-128
2025-09-01 23:57:39.959250,-1849.77,-899.145,-1094.925,-859.5600000000001,-652.86,-614.0550000000001,-695.955,-598.455,25,62,-949,-128
2025-09-01 23:57:39.970500,-587.73,-103.935,123.435,-111.54,-3.315,25.155,53.625,66.3,25,62,-949,-128
2025-09-01 23:57:39.993000,1352.91,907.53,1165.32,868.335,731.835,746.85,952.965,815.6850000000001,25,63,-943,-128
2025-09-01 23:57:40.004125,2912.13,1452.945,1637.415,1410.63,1097.07,1085.565,1355.835,1117.74,26,60,-937,-128
2025-09-01 23:57:40.015250,3455.985,1484.535,1628.835,1475.76,1115.01,1074.84,1295.19,1092.975,25,61,-943,-128
2025-09-01 23:57:40.026375,1830.075,732.225,910.455,737.2950000000001,559.065,512.46,535.47,461.565,30,61,-948,-192
2025-09-01 23:57:40.037500,372.255,47.97,250.38,85.215,64.74000000000001,30.42,-85.8,-98.28,30,61,-948,-192
2025-09-01 23:57:40.048625,-1472.4450000000002,-866.19,-784.485,-793.845,-630.825,-661.44,-902.655,-748.4100000000001,28,64,-954,-192
2025-09-01 23:57:40.059750,-2689.635,-1483.17,-1974.18,-1389.765,-1164.93,-1154.4,-1341.21,-1134.12,32,60,-950,-128
2025-09-01 23:57:40.082000,-2597.79,-1391.715,-1924.455,-1317.81,-1092.78,-1067.82,-1205.685,-1070.745,17,63,-958,0
2025-09-01 23:57:40.093375,-1826.175,-886.86,-1082.835,-846.885,-639.21,-607.815,-681.72,-568.4250000000001,21,63,-949,-128
2025-09-01 23:57:40.104750,-175.5,140.4,401.895,112.515,174.33,199.68,268.32,246.48,24,65,-950,-64
2025-09-01 23:57:40.116125,1097.85,803.4,1068.21,749.97,655.59,667.6800000000001,850.98,697.125,24,65,-950,-64
2025-09-01 23:57:40.127500,2931.24,1486.29,1662.18,1434.42,1116.96,1105.065,1376.7,1169.805,21,67,-961,-192
2025-09-01 23:57:40.138875,3299.01,1414.725,1536.6,1380.015,1037.79,1001.13,1186.77,1007.175,25,64,-955,-128
2025-09-01 23:57:40.150250,2262.585,944.97,1098.24,917.475,694.2,660.075,720.525,572.52,26,63,-951,-128
2025-09-01 23:57:40.173000,351.39,66.495,251.94,81.51,65.325,34.71,-85.41,-57.525,26,63,-951,-128
2025-09-01 23:57:40.183875,-1661.01,-965.445,-926.445,-896.8050000000001,-723.45,-738.075,-992.16,-834.21,20,66,-954,-128
2025-09-01 23:57:40.194750,-2601.69,-1452.36,-1821.69,-1364.61,-1139.97,-1129.44,-1344.3300000000002,-1167.075,17,66,-950,-64
2025-09-01 23:57:40.205625,-2565.225,-1368.315,-1924.26,-1305.915,-1081.08,-1047.735,-1187.94,-1010.1,24,63,-951,-192
2025-09-01 23:57:40.216500,-1513.2,-686.595,-755.625,-668.265,-467.805,-433.875,-491.205,-399.945,24,60,-949,-128
2025-09-01 23:57:40.227375,-602.355,-99.06,118.56,-130.065,-5.265000000000001,24.57,46.995000000000005,16.575,24,60,-949,-128
2025-09-01 23:57:40.238250,1104.48,813.15,1071.525,757.1850000000001,668.46,690.3000000000001,867.5550000000001,753.09,25,62,-940,-64
2025-09-01 23:57:40.260000,3330.99,1571.895,1720.68,1517.295,1171.365,1156.74,1424.67,1209.585,25,66,-949,-192
2025-09-01 23:57:40.271250,3444.48,1498.38,1622.2050000000002,1449.435,1103.505,1074.255,1284.075,1050.855,24,60,-946,-128
2025-09-01 23:57:40.282500,2254.2000000000003,950.625,1097.07,923.52,704.535,669.24,730.6650000000001,624.39,24,63,-947,-192
2025-09-01 23:57:40.293750,-150.735,-184.86,-4.29,-154.83,-108.03,-144.69,-311.415,-245.7,25,64,-946,-128
2025-09-01 23:57:40.305000,-1482.0,-875.745,-803.205,-810.8100000000001,-640.1850000000001,-668.265,-912.6,-795.015,25,64,-946,-128
2025-09-01 23:57:40.316250,-2578.485,-1439.685,-1804.14,-1348.815,-1117.74,-1109.55,-1336.14,-1124.76,28,58,-956,-64
2025-09-01 23:57:40.327500,-2414.1,-1280.37,-1775.67,-1221.285,-995.67,-954.33,-1090.05,-925.08,29,60,-953,-128
2025-09-01 23:57:40.350000,-1847.82,-891.15,-1102.92,-862.875,-645.0600000000001,-608.985,-695.37,-604.11,29,64,-948,-256
2025-09-01 23:57:40.361500,-582.465,-89.895,109.98,-113.49,-1.17,24.57,52.845,59.28,29,64,-948,-256
2025-09-01 23:57:40.373000,1355.055,917.085,1159.665,863.265,728.715,747.24,948.675,810.4200000000001,30,59,-949,-64
2025-09-01 23:57:40.384500,2916.615,1459.575,1624.155,1408.68,1088.295,1083.03,1355.835,1105.65,32,64,-957,-64
2025-09-01 23:57:40.396000,3451.3050000000003,1497.795,1614.795,1462.305,1100.19,1071.33,1290.315,1089.66,27,67,-950,-192
2025-09-01 23:57:40.407500,1796.34,722.475,885.105,717.21,534.885,499.395,514.02,440.31,28,65,-950,-128
2025-09-01 23:57:40.419000,359.19,50.505,232.83,68.44500000000001,50.895,21.645,-98.475,-109.98,28,65,-950,-128
2025-09-01 23:57:40.442000,-1484.145,-872.82,-807.105,-805.155,-648.57,-663.78,-906.36,-758.355,29,69,-940,-64
2025-09-01 23:57:40.449500,-2679.495,-1483.95,-1968.915,-1393.665,-1172.145,-1149.915,-1347.645,-1142.7,37,66,-950,-64
2025-09-01 23:57:40.457000,3422.445,1590.03,1698.645,1542.255,1165.905,1151.865,1426.62,1209.0,33,69,-932,-128
2025-09-01 23:57:40.464500,3445.8450000000003,1493.115,1589.25,1452.75,1085.76,1060.215,1277.445,1036.425,28,70,-950,-128
2025-09-01 23:57:40.472000,2247.57,948.87,1069.38,921.765,687.765,660.66,730.6650000000001,619.905,28,64,-949,-192
2025-09-01 23:57:40.479500,-157.56,-184.86,-38.415,-155.61,-133.38,-156.39,-308.49,-242.385,30,62,-951,-64
2025-09-01 23:57:40.487000,-1488.24,-879.84,-843.375,-811.395,-661.635,-675.6750000000001,-914.16,-792.48,30,62,-951,-64
2025-09-01 23:57:40.502000,-2584.53,-1436.76,-1850.16,-1350.57,-1131.585,-1119.495,-1330.875,-1122.42,29,64,-951,-128
2025-09-01 23:57:40.513250,-2411.76,-1278.03,-1803.36,-1219.53,-1004.445,-963.885,-1089.66,-916.5,28,65,-950,-128
2025-09-01 23:57:40.524500,3423.81,1594.515,1707.42,1542.255,1162.785,1148.55,1438.905,1202.37,35,64,-950,-64
2025-09-01 23:57:40.535750,3433.9500000000003,1494.09,1599.39,1455.87,1082.445,1059.435,1288.56,1028.43,24,59,-945,-128
2025-09-01 23:57:40.547000,2224.755,947.7,1074.645,926.64,690.105,654.8100000000001,734.1750000000001,616.59,27,62,-951,-128
2025-09-01 23:57:40.558250,-177.255,-185.64,-28.665000000000003,-154.63500000000002,-132.79500000000002,-159.12,-306.93,-244.335,26,61,-953,-128
2025-09-01 23:57:40.569500,-1503.45,-871.65,-825.4350000000001,-813.735,-658.515,-677.82,-912.21,-797.5500000000001,26,61,-953,-128
2025-09-01 23:57:40.592000,-2593.3050000000003,-1433.445,-1809.795,-1346.28,-1127.295,-1120.08,-1324.8300000000002,-1124.37,16,59,-948,-64
2025-09-01 23:57:40.599625,-2421.9,-1266.72,-1754.805,-1215.825,-995.67,-964.47,-1080.69,-918.645,22,61,-948,-128
2025-09-01 23:57:40.607250,-2706.99,-1474.98,-1996.8,-1397.565,-1166.685,-1144.065,-1340.04,-1130.415,26,65,-957,-128
2025-09-01 23:57:40.614875,-2608.905,-1380.795,-1930.5,-1317.225,-1085.76,-1051.635,-1201.2,-1059.63,27,59,-952,-128
2025-09-01 23:57:40.622500,-1822.08,-869.3100000000001,-1071.525,-841.0350000000001,-623.025,-585.585,-677.625,-553.605,26,60,-951,-128
2025-09-01 23:57:40.630125,-156.39,159.315,406.38,126.945,190.515,224.835,282.555,266.76,28,63,-952,-128
2025-09-01 23:57:40.637750,1131.39,821.34,1063.725,764.4,675.87,687.1800000000001,867.1650000000001,717.015,28,63,-952,-128
2025-09-01 23:57:40.653000,2958.3450000000003,1493.7,1645.41,1440.465,1124.955,1116.96,1389.96,1180.14,26,59,-956,-128
2025-09-01 23:57:40.664375,3263.13,1394.835,1502.475,1370.655,1035.45,1002.495,1177.02,1002.495,22,64,-959,-64
2025-09-01 23:57:40.675750,3424.395,1587.3,1698.255,1538.55,1161.615,1155.765,1428.18,1214.85,27,60,-951,0
2025-09-01 23:57:40.687125,3406.8450000000003,1484.145,1580.28,1440.075,1077.57,1059.24,1271.4,1033.89,27,60,-951,0
2025-09-01 23:57:40.698500,2171.13,927.225,1049.295,900.315,681.525,654.4200000000001,707.07,612.495,27,62,-951,-64
2025-09-01 23:57:40.709875,-231.855,-204.75,-61.035,-182.52,-142.935,-161.07,-338.13,-250.38,24,63,-948,-64
2025-09-01 23:57:40.721250,-1552.98,-888.0300000000001,-855.075,-837.33,-669.0450000000001,-677.625,-936.78,-796.38,24,63,-948,-64
2025-09-01 23:57:40.744000,-2624.31,-1441.8300000000002,-1826.175,-1361.88,-1128.66,-1114.23,-1341.795,-1116.765,27,68,-952,-64
2025-09-01 23:57:40.751375,-2429.895,-1266.915,-1748.37,-1215.435,-994.695,-949.455,-1080.105,-901.68,25,63,-945,-64
2025-09-01 23:57:40.758750,-2728.83,-1480.8300000000002,-1984.515,-1397.175,-1160.055,-1156.35,-1327.95,-1128.465,27,64,-947,-64
2025-09-01 23:57:40.766125,-2618.85,-1374.945,-1907.1,-1312.935,-1081.86,-1057.29,-1187.16,-1051.44,27,64,-947,-64
2025-09-01 23:57:40.773500,-1821.495,-864.0450000000001,-1032.33,-837.9150000000001,-620.49,-591.825,-651.495,-538.785,30,64,-945,-64
2025-09-01 23:57:40.780875,-149.565,171.405,414.375,141.18,194.415,217.23,308.295,276.90000000000003,30,65,-946,-128
2025-09-01 23:57:40.788250,1146.6,836.745,1065.48,780.975,673.335,681.9150000000001,886.08,726.57,31,64,-947,-64
2025-09-01 23:57:40.803000,2970.8250000000003,1499.745,1635.075,1440.465,1122.225,1105.455,1395.615,1179.555,31,64,-947,-64
2025-09-01 23:57:40.814250,3236.025,1393.86,1486.875,1363.44,1015.17,984.555,1176.63,994.305,22,65,-955,-192
2025-09-01 23:57:40.825500,-2733.51,-1477.905,-1973.985,-1403.61,-1166.295,-1146.795,-1336.14,-1135.485,28,59,-947,-128
2025-09-01 23:57:40.836750,-2619.435,-1375.92,-1893.255,-1317.42,-1083.81,-1047.345,-1190.085,-1055.73,28,59,-947,-128
2025-09-01 23:57:40.848000,-1819.935,-860.5350000000001,-1022.775,-835.77,-625.95,-576.4200000000001,-656.37,-545.025,30,58,-949,-64
2025-09-01 23:57:40.859250,-140.205,175.11,408.33,141.765,191.88,228.93,305.565,275.145,28,56,-953,-128
2025-09-01 23:57:40.870500,1154.985,837.9150000000001,1064.7,784.095,673.335,697.515,880.62,724.23,28,58,-949,-128
2025-09-01 23:57:40.893000,2978.235,1499.355,1634.295,1441.05,1115.4,1118.325,1393.47,1175.07,28,58,-949,-128
2025-09-01 23:57:40.904000,3238.755,1382.55,1477.515,1356.225,1012.245,989.625,1168.44,987.48,29,54,-945,-128
2025-09-01 23:57:40.915000,3445.065,1588.275,1692.6,1550.835,1170.78,1153.425,1425.45,1214.655,28,67,-951,-128
2025-09-01 23:57:40.926000,3411.135,1477.905,1569.75,1451.19,1086.345,1054.56,1265.355,1025.115,28,67,-951,-128
2025-09-01 23:57:40.937000,2144.415,913.575,1029.015,899.145,678.405,639.7950000000001,695.76,597.6750000000001,26,67,-953,-64
2025-09-01 23:57:40.948000,-275.145,-220.935,-84.045,-187.395,-142.155,-181.935,-345.345,-275.73,25,67,-950,0
2025-09-01 23:57:40.959000,-1594.3200000000002,-908.7,-869.3100000000001,-840.0600000000001,-665.9250000000001,-691.47,-940.875,-813.15,28,65,-947,-64
2025-09-01 23:57:40.981000,-2640.885,-1446.315,-1817.4,-1358.37,-1123.2,-1113.255,-1336.14,-1118.13,28,65,-947,-64
2025-09-01 23:57:40.992375,-2420.145,-1258.725,-1707.42,-1201.395,-975.39,-946.725,-1071.915,-897.975,28,65,-953,-128
2025-09-01 23:57:41.003750,-2748.33,-1476.15,-1959.165,-1401.465,-1171.17,-1140.75,-1335.75,-1118.715,28,63,-948,-128
2025-09-01 23:57:41.015125,-2621.58,-1371.435,-1868.1,-1311.96,-1082.64,-1042.08,-1195.935,-1045.005,28,63,-948,-128
2025-09-01 23:57:41.026500,-1812.33,-841.0350000000001,-989.82,-821.145,-608.985,-570.765,-650.325,-523.77,27,61,-937,-128
2025-09-01 23:57:41.037875,-123.435,193.83,423.54,160.485,203.97,239.265,318.435,291.915,26,64,-942,-64
2025-09-01 23:57:41.049250,1184.235,859.755,1067.43,802.62,689.13,709.995,899.145,740.61,25,63,-948,-128
2025-09-01 23:57:41.072000,2999.1,1514.9550000000002,1624.74,1462.5,1123.2,1117.935,1393.86,1193.205,26,65,-947,-64
2025-09-01 23:57:41.083250,3211.065,1389.765,1461.72,1359.735,1019.07,982.41,1155.18,992.16,26,64,-947,0
2025-09-01 23:57:41.094500,3455.985,1595.49,1670.565,1535.43,1161.81,1153.425,1433.445,1210.17,25,64,-952,-128
2025-09-01 23:57:41.105750,3384.81,1479.075,1536.015,1423.5,1068.795,1044.42,1262.82,1015.56,25,64,-952,-128
2025-09-01 23:57:41.117000,2091.375,898.95,992.16,867.945,653.25,628.875,685.62,591.63,29,66,-957,-64
2025-09-01 23:57:41.128250,-332.28000000000003,-237.51,-115.83,-210.99,-171.21,-189.15,-356.65500000000003,-279.045,28,65,-936,-192
2025-09-01 23:57:41.139500,-1642.095,-920.595,-900.51,-864.825,-694.98,-704.145,-955.305,-817.245,29,57,-941,-128
2025-09-01 23:57:41.162000,-2663.895,-1451.5800000000002,-1807.65,-1373.19,-1138.41,-1120.275,-1332.045,-1115.4,30,62,-945,-128
2025-09-01 23:57:41.169500,-2419.9500000000003,-1240.005,-1663.155,-1210.755,-970.905,-933.075,-1057.875,-884.52,29,62,-944,-64
2025-09-01 23:57:41.177000,3466.5150000000003,1601.73,1662.18,1544.985,1167.465,1140.555,1437.93,1218.945,29,67,-948,-64
2025-09-01 23:57:41.184500,3390.6600000000003,1479.855,1527.825,1434.81,1076.595,1038.18,1265.94,1029.21,25,65,-941,-192
2025-09-01 23:57:41.192000,2086.89,898.1700000000001,978.315,874.965,659.49,612.105,687.1800000000001,585.39,25,65,-941,-192
2025-09-01 23:57:41.199500,-347.295,-234.0,-127.14,-213.135,-167.70000000000002,-207.675,-354.705,-284.115,30,65,-948,-64
2025-09-01 23:57:41.207000,-1650.09,-921.765,-901.095,-867.36,-685.4250000000001,-718.1850000000001,-948.285,-817.245,26,65,-950,-128
2025-09-01 23:57:41.222000,-2668.38,-1446.9,-1809.405,-1369.485,-1131.39,-1127.685,-1335.75,-1122.03,25,67,-950,-128
2025-09-01 23:57:41.233250,-2426.58,-1244.49,-1657.6950000000002,-1200.615,-967.785,-940.095,-1054.56,-886.275,27,67,-948,-64
2025-09-01 23:57:41.244500,-2765.1,-1473.42,-1935.57,-1402.44,-1155.57,-1136.07,-1333.41,-1122.42,29,61,-952,-64
2025-09-01 23:57:41.255750,-2633.865,-1358.76,-1820.91,-1311.18,-1065.09,-1027.065,-1181.895,-1041.885,30,64,-949,-192
2025-09-01 23:57:41.267000,-1805.895,-824.07,-940.68,-806.715,-594.36,-551.46,-629.07,-515.97,30,64,-949,-192
2025-09-01 23:57:41.278250,-99.255,219.96,426.465,185.445,226.005,249.21,342.81,313.95,36,61,-941,-128
2025-09-01 23:57:41.289500,1219.725,877.3050000000001,1063.53,825.4350000000001,694.98,711.36,919.035,749.97,36,69,-949,-128
2025-09-01 23:57:41.312000,3030.105,1519.245,1605.045,1476.735,1128.075,1112.28,1399.905,1189.695,29,71,-947,-128
2025-09-01 23:57:41.319750,3188.835,1372.605,1420.575,1351.155,1001.13,962.13,1142.505,978.51,27,67,-946,-128
2025-09-01 23:57:41.327500,3470.025,1610.505,1637.415,1554.93,1163.565,1134.9,1419.6,1209.39,26,64,-949,-64
2025-09-01 23:57:41.335250,3388.905,1482.78,1509.105,1439.685,1065.675,1031.55,1248.39,1014.39,25,63,-949,-128
2025-09-01 23:57:41.343000,2066.8050000000003,899.145,955.305,873.015,649.5450000000001,606.0600000000001,661.44,578.37,25,63,-949,-128
2025-09-01 23:57:41.350750,-373.23,-242.775,-155.415,-221.325,-172.38,-215.085,-383.37,-294.255,26,71,-938,-64
2025-09-01 23:57:41.358500,-1675.245,-926.055,-932.1,-869.115,-693.03,-718.965,-974.22,-827.58,21,63,-932,-64
2025-09-01 23:57:41.374000,-2683.005,-1449.435,-1820.91,-1368.51,-1129.83,-1128.465,-1347.45,-1130.805,25,64,-941,-128
2025-09-01 23:57:41.385000,-2426.58,-1241.9550000000002,-1648.14,-1201.2,-960.375,-935.025,-1059.24,-882.57,26,63,-947,-128
2025-09-01 23:57:41.396000,3470.2200000000003,1599.975,1643.265,1563.51,1173.12,1147.77,1431.69,1212.315,28,58,-948,-64
2025-09-01 23:57:41.407000,3372.7200000000003,1476.15,1509.885,1445.925,1076.4,1041.495,1259.31,1019.655,25,63,-947,-64
2025-09-01 23:57:41.418000,2051.4,878.865,952.77,877.695,656.955,612.69,672.75,579.345,25,63,-947,-64
2025-09-01 23:57:41.429000,-385.32,-251.745,-156.0,-209.82,-169.065,-202.8,-371.475,-289.185,27,61,-938,-128
2025-09-01 23:57:41.440000,-1690.65,-933.27,-935.22,-859.365,-688.35,-711.5550000000001,-956.085,-822.9,29,61,-942,-192
2025-09-01 23:57:41.462000,-2694.9,-1450.41,-1822.08,-1362.075,-1121.25,-1116.57,-1338.675,-1116.96,30,66,-944,-128
2025-09-01 23:57:41.469625,-2427.75,-1241.76,-1653.795,-1193.985,-955.695,-921.96,-1050.465,-868.9200000000001,31,65,-947,-64
2025-09-01 23:57:41.477250,-2773.6800000000003,-1473.03,-1942.395,-1396.98,-1161.03,-1138.8,-1323.465,-1116.18,22,62,-947,-128
2025-09-01 23:57:41.484875,-2631.33,-1349.595,-1820.91,-1305.135,-1067.235,-1028.43,-1168.44,-1032.915,28,58,-946,-64
2025-09-01 23:57:41.492500,-1799.0700000000002,-810.8100000000001,-938.145,-796.575,-584.025,-541.71,-611.325,-501.15,28,59,-946,-192
2025-09-01 23:57:41.500125,-79.75500000000001,237.51,417.105,200.07,229.125,269.685,368.94,327.99,25,60,-944,-128
2025-09-01 23:57:41.507750,1247.415,900.51,1046.37,842.4,705.51,730.47,942.24,769.275,25,60,-944,-128
2025-09-01 23:57:41.523000,3051.5550000000003,1533.09,1580.865,1482.0,1128.66,1123.59,1417.65,1195.155,28,64,-948,-192
2025-09-01 23:57:41.534250,3164.07,1370.265,1384.695,1353.105,1000.545,965.25,1152.45,973.83,27,65,-951,-64
2025-09-01 23:57:41.545500,-2770.365,-1486.875,-1900.665,-1401.27,-1156.935,-1134.51,-1324.8300000000002,-1131.585,22,68,-943,-192
2025-09-01 23:57:41.556750,-2631.7200000000003,-1363.8300000000002,-1777.425,-1307.28,-1059.24,-1023.945,-1171.365,-1042.47,21,61,-927,-128
2025-09-01 23:57:41.568000,-1788.54,-819.78,-899.5350000000001,-796.965,-581.1,-542.6850000000001,-610.5450000000001,-507.78,23,66,-938,-128
2025-09-01 23:57:41.579250,-64.935,233.61,440.7,204.165,232.44,268.515,366.21,329.355,28,61,-947,-128
2025-09-01 23:57:41.590500,1271.2050000000002,896.22,1066.065,846.495,711.1650000000001,729.105,940.485,771.03,28,61,-947,-128
2025-09-01 23:57:41.613000,3074.175,1524.7050000000002,1594.515,1484.34,1134.51,1128.66,1416.09,1189.695,30,61,-948,-128
2025-09-01 23:57:41.624125,3186.105,1361.49,1394.055,1344.135,997.815,966.42,1148.355,970.71,29,62,-953,-64
2025-09-01 23:57:41.635250,3494.4,1605.825,1615.575,1557.27,1164.345,1143.285,1435.005,1223.82,26,68,-940,-128
2025-09-01 23:57:41.646375,3371.1600000000003,1471.275,1474.785,1434.615,1060.995,1028.04,1255.02,1018.68,22,72,-954,-128
2025-09-01 23:57:41.657500,2014.545,870.48,915.135,854.6850000000001,639.21,599.625,665.9250000000001,571.35,22,67,-955,-128
2025-09-01 23:57:41.668625,-434.46,-261.69,-194.415,-243.555,-188.37,-222.495,-382.59,-297.765,22,67,-954,-128
2025-09-01 23:57:41.679750,-1730.43,-943.8,-963.69,-889.005,-704.73,-729.495,-968.175,-832.455,22,67,-954,-128
2025-09-01 23:57:41.702000,-2707.77,-1446.9,-1818.57,-1379.43,-1130.805,-1120.86,-1332.045,-1113.84,24,66,-961,-128
2025-09-01 23:57:41.713250,-2430.675,-1226.94,-1616.55,-1194.765,-948.48,-920.4,-1031.94,-867.75,26,66,-957,-64
2025-09-01 23:57:41.724500,3516.63,1602.12,1599.0,1570.53,1161.225,1141.92,1426.425,1222.65,34,63,-949,-64
2025-09-01 23:57:41.735750,3385.395,1463.67,1456.26,1445.73,1059.435,1031.16,1247.415,1020.63,28,57,-945,-64
2025-09-01 23:57:41.747000,2009.475,863.265,892.515,858.0,629.46,596.505,650.52,565.695,28,62,-945,-64
2025-09-01 23:57:41.758250,-442.065,-272.22,-212.745,-234.195,-196.95,-219.96,-394.875,-309.46500000000003,27,66,-947,-64
2025-09-01 23:57:41.769500,-1740.5700000000002,-948.675,-979.29,-881.595,-708.24,-721.89,-979.68,-835.38,27,66,-947,-64
2025-09-01 23:57:41.792000,-2717.52,-1454.505,-1830.075,-1372.995,-1129.05,-1116.765,-1343.16,-1118.715,27,57,-942,-128
2025-09-01 23:57:41.799500,-2430.2850000000003,-1231.425,-1610.31,-1187.355,-950.04,-907.53,-1043.64,-861.705,26,59,-943,-128
2025-09-01 23:57:41.807000,-2793.96,-1476.93,-1888.38,-1408.095,-1151.28,-1124.565,-1320.15,-1113.645,26,62,-940,-128
2025-09-01 23:57:41.814500,-2644.98,-1354.47,-1747.98,-1313.325,-1049.88,-1008.345,-1164.735,-1025.115,33,62,-950,-64
2025-09-01 23:57:41.822000,-1794.1950000000002,-804.57,-870.48,-797.745,-572.715,-526.89,-598.845,-490.62,34,64,-947,-64
2025-09-01 23:57:41.829500,-48.75,254.865,427.44,204.165,245.895,278.46000000000004,388.245,352.755,30,63,-949,-64
2025-09-01 23:57:41.837000,1296.945,913.38,1051.245,846.495,717.21,737.2950000000001,952.38,787.215,30,63,-949,-64
2025-09-01 23:57:41.852000,3097.965,1539.915,1570.14,1478.1,1132.95,1126.71,1422.525,1199.055,31,64,-955,-128
2025-09-01 23:57:41.863250,3152.565,1357.785,1352.91,1320.15,984.165,960.375,1138.995,966.225,27,62,-941,-128
2025-09-01 23:57:41.874500,3514.0950000000003,1610.7,1579.305,1554.15,1160.25,1155.57,1441.8300000000002,1201.98,27,65,-949,-64
2025-09-01 23:57:41.885750,3363.75,1462.11,1428.57,1420.38,1054.56,1036.23,1255.41,998.79,27,65,-949,-64
2025-09-01 23:57:41.897000,1962.48,856.83,851.76,825.0450000000001,625.1700000000001,595.53,657.15,532.5450000000001,27,65,-951,0
2025-09-01 23:57:41.908250,-492.375,-282.945,-251.355,-269.49,-205.53,-226.98,-395.655,-328.96500000000003,30,65,-949,-64
2025-09-01 23:57:41.919500,-1782.105,-956.28,-1002.495,-910.065,-722.28,-725.205,-979.095,-861.12,30,65,-949,-64
2025-09-01 23:57:41.942000,-2741.895,-1464.645,-1829.685,-1392.885,-1139.58,-1112.085,-1337.115,-1130.22,29,62,-945,-64
2025-09-01 23:57:41.949625,-2445.105,-1229.67,-1585.935,-1199.835,-947.895,-903.63,-1028.625,-871.455,27,62,-946,-192
2025-09-01 23:57:41.957250,-2800.395,-1482.585,-1940.64,-1410.63,-1150.89,-1126.515,-1326.0,-1122.42,28,63,-947,-64
2025-09-01 23:57:41.964875,-2648.295,-1355.835,-1789.3200000000002,-1307.28,-1047.735,-1011.66,-1167.855,-1023.36,28,63,-947,-64
2025-09-01 23:57:41.972500,-1787.175,-800.865,-892.515,-780.78,-563.745,-524.355,-598.455,-486.135,26,64,-946,-128
2025-09-01 23:57:41.980125,-24.375,263.83500000000004,404.82,232.05,260.52,285.09000000000003,394.485,348.075,26,64,-951,-64
2025-09-01 23:57:41.987750,1326.39,923.91,1020.825,872.0400000000001,724.035,742.95,963.3,787.215,27,64,-949,-64
2025-09-01 23:57:42.003000,3124.29,1539.3300000000002,1535.235,1499.55,1134.315,1120.86,1420.965,1196.325,27,64,-949,-64
2025-09-01 23:57:42.014250,3152.955,1348.035,1306.89,1331.655,976.56,948.09,1124.565,958.815,31,70,-949,-128
2025-09-01 23:57:42.025500,-2804.685,-1475.37,-1925.625,-1417.065,-1153.815,-1135.875,-1323.075,-1113.06,27,63,-947,-128
2025-09-01 23:57:42.036750,-2648.1,-1343.94,-1767.285,-1309.035,-1046.175,-1018.095,-1161.81,-1013.805,27,63,-947,-128
2025-09-01 23:57:42.048000,-1787.175,-785.265,-871.65,-786.825,-561.405,-533.91,-587.73,-475.605,29,66,-939,-128
2025-09-01 23:57:42.059250,-26.52,277.875,415.545,230.1,255.255,283.33500000000004,400.14,362.31,26,64,-945,-64
2025-09-01 23:57:42.070500,1330.29,935.025,1039.35,870.48,727.35,745.095,969.345,801.0600000000001,27,64,-949,-64
2025-09-01 23:57:42.093000,3130.725,1548.69,1548.495,1499.355,1138.215,1126.515,1424.67,1203.735,27,64,-949,-64
2025-09-01 23:57:42.100500,3147.495,1348.035,1320.735,1326.975,980.265,937.95,1127.88,963.3,24,68,-929,-64
2025-09-01 23:57:42.108000,3561.675,1614.795,1564.485,1578.72,1165.905,1147.77,1431.885,1207.44,28,64,-948,-192
2025-09-01 23:57:42.115500,3385.2000000000003,1466.2050000000002,1410.825,1435.395,1051.635,1021.605,1243.125,996.06,28,64,-948,-192
2025-09-01 23:57:42.123000,1939.275,853.71,829.14,830.115,611.325,575.835,639.405,534.3000000000001,27,70,-961,0
2025-09-01 23:57:42.130500,-534.885,-290.355,-280.02,-266.955,-219.375,-239.07,-416.91,-338.13,24,70,-955,-64
2025-09-01 23:57:42.138000,-1826.175,-964.86,-1032.135,-907.14,-727.9350000000001,-741.78,-992.355,-862.875,24,65,-953,-64
2025-09-01 23:57:42.153000,-2760.42,-1453.725,-1828.515,-1381.77,-1139.97,-1120.665,-1342.575,-1129.44,24,65,-953,-64
2025-09-01 23:57:42.164250,-2438.865,-1221.285,-1557.075,-1179.75,-936.975,-902.655,-1022.58,-861.12,26,65,-951,-192
2025-09-01 23:57:42.175500,-2818.14,-1473.615,-1934.01,-1424.475,-1147.77,-1123.395,-1324.05,-1118.52,25,66,-944,-64
2025-09-01 23:57:42.186750,-2659.8,-1342.575,-1768.4550000000002,-1314.885,-1041.885,-1004.055,-1155.375,-1023.36,25,66,-944,-64
2025-09-01 23:57:42.198000,-1789.71,-782.5350000000001,-871.065,-786.24,-558.6750000000001,-506.22,-572.13,-465.855,26,64,-928,-64
2025-09-01 23:57:42.209250,-7.605,293.865,413.595,228.345,269.295,303.615,416.52,375.765,25,66,-938,-128
2025-09-01 23:57:42.220500,1359.93,957.255,1031.745,868.9200000000001,741.585,756.7950000000001,981.435,801.255,26,62,-944,-64
2025-09-01 23:57:42.243000,3166.995,1560.39,1533.285,1490.19,1132.95,1128.855,1424.865,1206.465,27,60,-951,-128
2025-09-01 23:57:42.254000,3163.0950000000003,1342.575,1290.51,1303.77,967.59,940.875,1120.275,956.28,30,58,-952,-64
2025-09-01 23:57:42.265000,-2823.015,-1482.975,-1926.015,-1422.72,-1144.65,-1133.145,-1325.22,-1119.105,26,60,-944,-128
2025-09-01 23:57:42.276000,-2657.85,-1348.815,-1757.73,-1311.375,-1030.38,-1013.415,-1156.155,-1024.53,26,60,-944,-128
2025-09-01 23:57:42.287000,-1783.275,-778.245,-866.775,-784.6800000000001,-544.44,-512.265,-571.155,-472.485,18,67,-943,-64
2025-09-01 23:57:42.298000,2.73,292.695,410.28,238.68,271.05,303.03000000000003,424.32,376.155,27,66,-945,-64
2025-09-01 23:57:42.309000,1371.825,953.745,1026.87,885.69,742.365,756.7950000000001,992.94,809.64,27,63,-960,-192
2025-09-01 23:57:42.331000,3176.355,1556.685,1524.51,1505.595,1142.7,1124.76,1436.175,1209.975,28,60,-957,-64
2025-09-01 23:57:42.342375,3167.58,1341.6,1281.93,1323.27,975.195,933.465,1126.32,953.745,25,57,-953,-128
2025-09-01 23:57:42.353750,3631.68,1613.43,1563.7050000000002,1572.09,1171.755,1145.235,1434.615,1230.645,25,63,-950,-64
2025-09-01 23:57:42.365125,3441.36,1456.26,1400.685,1419.21,1053.975,1021.41,1237.0800000000002,1013.025,25,63,-950,-64
2025-09-01 23:57:42.376500,1930.695,830.115,808.47,803.7900000000001,606.84,567.255,616.2,537.03,28,59,-943,-64
2025-09-01 23:57:42.387875,-588.315,-325.26,-302.25,-299.325,-226.395,-258.96000000000004,-441.09,-346.90500000000003,29,62,-960,-64
2025-09-01 23:57:42.399250,-1883.895,-998.4,-1053.0,-945.36,-738.855,-758.355,-1012.83,-865.4100000000001,25,62,-970,-64
2025-09-01 23:57:42.422000,-2804.295,-1482.39,-1825.785,-1414.14,-1145.625,-1124.76,-1352.91,-1132.56,25,64,-962,-128
2025-09-01 23:57:42.433250,-2462.07,-1232.01,-1528.41,-1198.275,-932.295,-894.27,-1025.115,-851.37,29,67,-957,-128
2025-09-01 23:57:42.444500,3650.4,1631.76,1565.46,1586.13,1166.1,1146.21,1457.04,1242.54,26,66,-952,-128
2025-09-01 23:57:42.455750,3460.86,1467.5700000000002,1406.73,1434.03,1053.0,1021.605,1248.585,1024.14,29,66,-944,-128
2025-09-01 23:57:42.467000,1933.815,834.405,814.905,808.86,604.5,563.94,629.85,548.9250000000001,29,66,-944,-128
2025-09-01 23:57:42.478250,-596.3100000000001,-321.945,-298.35,-300.69,-237.705,-267.54,-432.315,-339.69,34,69,-953,-128
2025-09-01 23:57:42.489500,-1896.18,-998.01,-1050.465,-945.555,-749.97,-766.155,-1011.66,-866.97,26,70,-958,-128
2025-09-01 23:57:42.512000,-2817.165,-1478.88,-1819.35,-1411.8,-1150.305,-1137.24,-1349.985,-1131.0,23,66,-953,-192
2025-09-01 23:57:42.519625,-2468.7000000000003,-1222.4550000000002,-1525.29,-1193.4,-932.1,-897.975,-1021.8,-850.59,27,64,-948,-64
2025-09-01 23:57:42.527250,-2871.375,-1485.9,-1932.45,-1422.525,-1168.245,-1141.14,-1326.78,-1123.98,30,64,-950,-64
2025-09-01 23:57:42.534875,-2701.14,-1343.745,-1754.025,-1310.985,-1047.54,-1017.9,-1148.94,-1021.995,28,64,-952,-64
2025-09-01 23:57:42.542500,-1806.675,-768.3000000000001,-848.835,-756.6,-544.635,-502.515,-552.0450000000001,-457.47,28,64,-952,-64
2025-09-01 23:57:42.550125,13.65,333.06,423.15,282.945,286.26,325.455,460.2,408.525,29,70,-957,-64
2025-09-01 23:57:42.557750,1411.995,998.595,1038.57,936.585,761.865,781.5600000000001,1030.185,848.64,26,67,-964,-128
2025-09-01 23:57:42.573000,3255.525,1594.71,1534.26,1555.515,1161.615,1152.06,1472.4450000000002,1241.9550000000002,28,63,-956,0
2025-09-01 23:57:42.584125,3230.37,1366.755,1278.42,1350.18,980.265,952.575,1145.04,973.635,28,60,-953,-64
2025-09-01 23:57:42.595250,3798.405,1672.515,1579.6950000000002,1646.385,1216.02,1183.455,1498.965,1275.105,25,65,-943,-64
2025-09-01 23:57:42.606375,3648.06,1515.15,1418.82,1497.795,1098.435,1057.095,1295.19,1057.095,25,65,-946,-64
2025-09-01 23:57:42.617500,2043.21,873.21,818.61,856.0500000000001,644.865,592.02,665.9250000000001,570.1800000000001,25,65,-946,-64
2025-09-01 23:57:42.628625,-583.44,-306.345,-318.63,-278.46000000000004,-217.035,-258.96000000000004,-423.345,-339.105,24,71,-943,-64
2025-09-01 23:57:42.639750,-1926.015,-992.355,-1074.255,-939.315,-739.83,-772.005,-1019.46,-880.0350000000001,22,66,-936,-64
2025-09-01 23:57:42.662000,-2873.9100000000003,-1497.795,-1865.175,-1430.13,-1158.885,-1154.205,-1367.34,-1163.37,22,67,-942,-128
2025-09-01 23:57:42.669625,-2537.5350000000003,-1239.42,-1561.17,-1215.24,-949.65,-923.325,-1044.42,-882.765,27,65,-947,-128
2025-09-01 23:57:42.677250,-2980.5750000000003,-1507.35,-1966.77,-1460.745,-1169.61,-1175.07,-1363.245,-1148.55,29,62,-950,-128
2025-09-01 23:57:42.684875,-2815.995,-1365.78,-1785.42,-1344.135,-1056.51,-1049.685,-1186.575,-1051.635,31,68,-946,-128
2025-09-01 23:57:42.692500,-1899.105,-767.9100000000001,-852.735,-780.975,-544.0500000000001,-527.475,-573.495,-468.0,30,64,-947,0
2025-09-01 23:57:42.700125,-12.285,370.11,452.01,306.345,324.87,332.865,487.89,435.045,29,60,-950,0
2025-09-01 23:57:42.707750,1451.775,1065.48,1095.12,993.33,824.07,816.27,1089.27,896.8050000000001,29,60,-950,0
2025-09-01 23:57:42.723000,3461.0550000000003,1695.525,1604.46,1656.915,1237.47,1207.8300000000002,1560.39,1323.855,28,63,-953,-64
2025-09-01 23:57:42.734125,3594.8250000000003,1467.5700000000002,1344.135,1449.825,1059.435,1004.25,1232.01,1048.32,30,62,-950,-64
2025-09-01 23:57:42.745250,-3037.71,-1523.145,-1929.915,-1450.605,-1185.21,-1175.265,-1355.25,-1148.55,20,60,-947,-64
2025-09-01 23:57:42.756375,-2867.085,-1388.4,-1746.225,-1331.655,-1066.26,-1042.275,-1179.36,-1040.52,20,62,-962,-64
2025-09-01 23:57:42.767500,-1947.66,-784.2900000000001,-833.625,-766.9350000000001,-549.705,-510.315,-562.1850000000001,-458.445,23,56,-955,0
2025-09-01 23:57:42.778625,-47.97,347.685,465.66,319.02000000000004,321.165,353.14500000000004,500.955,450.45,25,60,-948,-128
2025-09-01 23:57:42.789750,1422.72,1046.565,1109.745,1003.08,815.88,838.11,1099.995,910.455,25,60,-948,-128
2025-09-01 23:57:42.812000,3437.46,1677.585,1614.405,1672.3200000000002,1236.105,1218.165,1562.73,1333.02,24,63,-947,0
2025-09-01 23:57:42.819625,3564.0150000000003,1444.365,1353.69,1459.575,1046.565,1011.855,1227.135,1059.63,24,61,-948,-128
2025-09-01 23:57:42.827250,3917.745,1726.335,1611.285,1714.245,1249.56,1230.255,1551.42,1329.315,28,62,-951,-64
2025-09-01 23:57:42.834875,3779.1,1556.88,1436.565,1553.9550000000002,1128.27,1102.92,1338.87,1101.36,24,59,-940,-64
2025-09-01 23:57:42.842500,2048.865,889.2,822.315,879.255,655.005,624.585,688.74,600.015,25,62,-943,-128
2025-09-01 23:57:42.850125,-727.155,-318.435,-328.575,-286.455,-222.495,-250.575,-420.81,-336.18,28,64,-940,-64
2025-09-01 23:57:42.857750,-2118.87,-1016.535,-1095.51,-957.255,-751.14,-769.6650000000001,-1024.53,-884.9100000000001,28,64,-940,-64
2025-09-01 23:57:42.873000,-3053.31,-1513.395,-1882.53,-1447.875,-1162.59,-1155.375,-1379.235,-1158.495,24,64,-942,-64
2025-09-01 23:57:42.888000,-2697.435,-1253.655,-1554.54,-1217.19,-938.535,-909.675,-1033.305,-869.115,27,65,-944,-128
2025-09-01 23:57:42.903000,3748.875,1688.31,1584.765,1663.935,1214.265,1196.91,1503.255,1288.17,25,72,-945,-64
2025-09-01 23:57:42.918000,3565.38,1512.42,1408.095,1493.895,1088.295,1057.68,1292.265,1060.8,26,65,-954,-64
2025-09-01 23:57:42.933000,1872.39,852.5400000000001,796.965,828.945,624.585,590.46,644.085,560.235,26,66,-953,-64
2025-09-01 23:57:42.948000,-808.275,-331.305,-333.84000000000003,-307.90500000000003,-239.85,-260.52,-441.87,-343.2,29,66,-949,-128
2025-09-01 23:57:42.963000,-2150.85,-1014.0,-1080.495,-965.25,-761.6700000000001,-772.005,-1029.6,-881.01,29,66,-949,-128
2025-09-01 23:57:42.993000,-3050.385,-1493.31,-1821.69,-1430.91,-1154.4,-1134.51,-1359.54,-1140.165,32,62,-963,-128
2025-09-01 23:57:43.003875,-2688.27,-1224.795,-1485.51,-1198.275,-922.155,-889.005,-1016.73,-848.0550000000001,30,64,-954,-128
2025-09-01 23:57:43.014750,-3081.78,-1496.43,-1864.98,-1443.585,-1156.74,-1130.22,-1332.24,-1127.49,23,65,-945,-128
2025-09-01 23:57:43.025625,-2903.1600000000003,-1355.055,-1663.155,-1318.005,-1032.135,-997.035,-1148.16,-1018.095,26,62,-965,-128
2025-09-01 23:57:43.036500,-1985.685,-754.845,-770.0550000000001,-752.3100000000001,-524.745,-481.845,-534.69,-447.525,26,63,-958,-64
2025-09-01 23:57:43.047375,-124.8,355.68,462.345,305.37,312.58500000000004,350.805,490.035,429.975,29,63,-951,-192
2025-09-01 23:57:43.058250,1301.43,1022.58,1074.84,957.255,786.24,804.57,1063.14,865.995,29,63,-951,-192
2025-09-01 23:57:43.080000,3164.655,1608.165,1546.74,1566.24,1166.49,1164.54,1485.51,1248.0,30,59,-959,-64
2025-09-01 23:57:43.091625,3079.44,1354.47,1263.795,1333.02,969.54,945.945,1133.535,957.84,19,59,-953,-64
2025-09-01 23:57:43.103250,-3057.405,-1494.09,-1851.135,-1450.215,-1151.28,-1114.62,-1330.29,-1127.685,28,61,-943,-64
2025-09-01 23:57:43.114875,-2881.32,-1344.135,-1647.75,-1321.125,-1028.04,-984.555,-1151.085,-1012.635,20,66,-942,-64
2025-09-01 23:57:43.126500,-1958.58,-748.215,-761.6700000000001,-754.845,-523.1850000000001,-476.97,-535.665,-436.8,21,64,-945,-64
2025-09-01 23:57:43.138125,-107.835,352.95,455.91,294.45,311.61,347.49,481.845,425.88,24,66,-948,-128
2025-09-01 23:57:43.149750,1309.23,1013.22,1064.115,943.605,775.32,798.9150000000001,1039.35,849.225,24,66,-948,-128
2025-09-01 23:57:43.173000,3136.185,1587.3,1523.73,1542.45,1154.4,1144.845,1461.135,1229.67,12,70,-953,-128
2025-09-01 23:57:43.184125,3013.335,1327.95,1240.98,1306.5,954.135,921.765,1107.015,937.755,20,67,-961,-64
2025-09-01 23:57:43.195250,3557.19,1610.7,1510.86,1576.575,1145.82,1130.805,1432.0800000000002,1220.895,27,66,-940,-64
2025-09-01 23:57:43.206375,3301.74,1430.91,1329.51,1405.365,1014.78,991.575,1213.29,991.965,27,66,-940,-64
2025-09-01 23:57:43.217500,1677.0,779.025,718.1850000000001,756.015,554.97,527.865,570.57,494.13,26,64,-943,-64
2025-09-01 23:57:43.228625,-881.595,-377.91,-388.245,-357.825,-282.165,-299.325,-493.35,-381.81,27,62,-945,-64
2025-09-01 23:57:43.239750,-2155.92,-1036.425,-1111.5,-990.405,-780.0,-789.36,-1056.51,-896.025,27,62,-945,-128
2025-09-01 23:57:43.262000,-3012.165,-1495.065,-1809.99,-1433.445,-1155.18,-1136.85,-1376.31,-1144.065,30,66,-940,-128
2025-09-01 23:57:43.269750,-2638.74,-1214.46,-1444.755,-1193.985,-921.57,-879.645,-1020.24,-838.3050000000001,33,63,-930,-128
2025-09-01 23:57:43.277500,-3017.4300000000003,-1501.305,-1820.715,-1452.165,-1165.905,-1139.97,-1340.04,-1133.73,26,64,-949,-64
2025-09-01 23:57:43.285250,-2837.25,-1355.445,-1608.165,-1329.7050000000002,-1042.86,-1005.225,-1160.445,-1025.31,26,64,-949,-64
2025-09-01 23:57:43.293000,-1913.34,-752.505,-743.73,-761.865,-536.445,-492.375,-548.9250000000001,-441.675,25,62,-946,-64
2025-09-01 23:57:43.300750,-48.555,354.705,460.98,290.55,301.86,334.035,473.265,431.34,27,60,-948,-64
2025-09-01 23:57:43.308500,1380.405,1018.68,1065.87,936.0,767.52,786.0450000000001,1033.89,859.365,27,60,-951,-64
2025-09-01 23:57:43.324000,3218.28,1586.52,1519.8300000000002,1534.065,1144.65,1129.05,1447.29,1227.525,27,60,-951,-64
2025-09-01 23:57:43.335000,3087.8250000000003,1317.81,1231.425,1284.465,938.73,907.53,1087.125,935.805,28,58,-953,-128
2025-09-01 23:57:43.346000,3705.78,1623.18,1505.4,1578.525,1151.475,1138.215,1442.415,1227.72,28,64,-948,-64
2025-09-01 23:57:43.357000,3449.55,1437.54,1318.395,1399.125,1015.56,994.11,1218.36,986.505,28,64,-948,-64
2025-09-01 23:57:43.368000,1765.92,766.35,702.78,733.2,547.1700000000001,521.4300000000001,569.985,494.91,29,62,-937,-64
2025-09-01 23:57:43.379000,-853.905,-401.895,-414.96,-383.37,-295.62,-311.02500000000003,-495.885,-400.53,26,63,-940,-128
2025-09-01 23:57:43.390000,-2143.44,-1066.845,-1141.725,-1019.46,-799.89,-799.11,-1067.82,-916.11,23,64,-946,-128
2025-09-01 23:57:43.412000,-2989.155,-1520.22,-1821.105,-1455.87,-1163.955,-1142.505,-1375.92,-1157.91,23,64,-946,-128
2025-09-01 23:57:43.419625,-2592.915,-1224.21,-1450.995,-1206.27,-926.25,-875.94,-1015.56,-850.005,27,62,-932,-128
2025-09-01 23:57:43.427250,3735.03,1626.69,1500.72,1605.63,1148.745,1128.855,1448.655,1235.715,28,63,-948,-64
2025-09-01 23:57:43.434875,3470.8050000000003,1434.03,1317.42,1418.625,1017.51,989.04,1225.575,999.96,28,63,-948,-64
2025-09-01 23:57:43.442500,1768.845,760.5,700.245,747.4350000000001,548.145,512.265,572.325,498.225,32,63,-946,-64
2025-09-01 23:57:43.450125,-858.195,-401.895,-422.76,-380.445,-298.935,-331.11,-499.98,-402.48,30,63,-946,0
2025-09-01 23:57:43.457750,-2147.34,-1066.26,-1146.6,-1014.195,-795.405,-816.6600000000001,-1064.505,-925.86,28,67,-945,-64
2025-09-01 23:57:43.473000,-2986.62,-1513.2,-1828.71,-1451.5800000000002,-1160.055,-1151.085,-1374.36,-1158.885,28,67,-945,-64
2025-09-01 23:57:43.484125,-2586.675,-1218.36,-1441.245,-1194.18,-916.305,-889.005,-1011.465,-845.9100000000001,27,64,-946,-64
2025-09-01 23:57:43.495250,-2999.49,-1507.545,-1859.325,-1462.305,-1174.875,-1138.215,-1343.745,-1137.045,22,65,-957,-64
2025-09-01 23:57:43.506375,-2805.0750000000003,-1350.765,-1636.635,-1331.07,-1044.615,-999.765,-1151.865,-1022.58,22,65,-957,-64
2025-09-01 23:57:43.517500,-1860.495,-736.515,-753.6750000000001,-749.97,-523.77,-473.655,-524.16,-427.83,28,64,-963,-128
2025-09-01 23:57:43.528625,49.335,386.295,461.565,325.065,313.365,361.14,519.09,454.935,26,62,-957,-128
2025-09-01 23:57:43.539750,1500.915,1053.0,1058.85,978.705,780.975,808.47,1082.835,882.765,25,61,-951,-128
2025-09-01 23:57:43.562000,3382.86,1609.92,1509.105,1565.85,1147.185,1143.09,1483.365,1246.44,28,64,-954,-64
2025-09-01 23:57:43.569750,3211.065,1318.2,1198.275,1297.725,931.32,906.945,1103.31,933.27,26,63,-948,-64
2025-09-01 23:57:43.577500,3915.405,1663.935,1518.855,1652.235,1180.335,1154.79,1473.81,1257.36,30,64,-950,-192
2025-09-01 23:57:43.585250,3636.165,1461.135,1328.73,1458.21,1041.3,1008.345,1240.005,1006.395,30,64,-950,-192
2025-09-01 23:57:43.593000,1843.53,776.88,692.835,760.5,555.75,515.58,570.96,496.47,24,59,-944,-64
2025-09-01 23:57:43.600750,-872.0400000000001,-411.645,-442.845,-385.515,-310.83,-332.865,-518.505,-419.25,30,64,-951,-128
2025-09-01 23:57:43.608500,-2184.195,-1079.52,-1168.05,-1027.455,-822.12,-831.09,-1090.05,-945.555,25,68,-952,-128
2025-09-01 23:57:43.624000,-3021.33,-1533.09,-1846.845,-1469.52,-1187.745,-1169.805,-1399.32,-1176.825,25,66,-950,-128
2025-09-01 23:57:43.635250,-2599.545,-1230.45,-1444.17,-1202.76,-928.785,-889.2,-1019.655,-848.0550000000001,27,60,-946,-64
2025-09-01 23:57:43.646500,4138.875,1731.6,1558.05,1716.39,1228.5,1218.36,1531.92,1319.37,21,62,-950,-64
2025-09-01 23:57:43.657750,3911.7,1543.62,1370.85,1520.805,1089.075,1073.475,1302.015,1070.355,21,62,-950,-64
2025-09-01 23:57:43.669000,2043.405,836.5500000000001,729.3000000000001,808.47,591.4350000000001,575.25,618.5400000000001,542.1,24,55,-950,-64
2025-09-01 23:57:43.680250,-834.405,-382.59,-434.85,-376.74,-296.01,-305.175,-502.71,-405.99,14,57,-961,-128
2025-09-01 23:57:43.691500,-2222.2200000000003,-1074.84,-1190.67,-1039.545,-824.46,-819.39,-1100.58,-948.48,17,59,-941,-128
2025-09-01 23:57:43.714000,-3087.435,-1553.37,-1913.34,-1501.5,-1208.415,-1176.24,-1425.255,-1203.345,21,61,-947,-64
2025-09-01 23:57:43.732625,-2669.355,-1250.73,-1516.905,-1241.175,-956.475,-904.02,-1047.345,-881.985,23,66,-949,-64
2025-09-01 23:57:43.751250,-3109.86,-1515.93,-1873.56,-1476.93,-1167.66,-1162.785,-1349.79,-1133.535,21,60,-970,-64
2025-09-01 23:57:43.769875,-2911.74,-1355.055,-1650.285,-1347.255,-1035.06,-1015.755,-1161.225,-1011.27,31,58,-955,-64
2025-09-01 23:57:43.788500,-1941.81,-725.205,-750.945,-749.58,-509.73,-477.165,-507.39,-407.55,31,58,-955,-64
2025-09-01 23:57:43.807125,17.16,421.2,482.235,347.295,357.24,385.32,558.285,501.93,19,59,-956,-128
2025-09-01 23:57:43.825750,1512.81,1097.85,1092.195,1018.095,835.1850000000001,844.35,1137.24,942.045,12,65,-952,0
2025-09-01 23:57:43.863000,3502.98,1676.61,1542.06,1626.69,1203.345,1180.53,1538.94,1308.255,27,60,-948,-64
2025-09-01 23:57:43.874375,3386.76,1372.8,1215.63,1336.53,977.535,936.0,1146.99,981.435,32,67,-952,-128
2025-09-01 23:57:43.885750,-3087.045,-1500.525,-1819.74,-1458.795,-1159.275,-1131.78,-1345.5,-1121.25,33,63,-947,0
2025-09-01 23:57:43.897125,-2884.635,-1333.02,-1582.815,-1315.275,-1023.555,-985.335,-1148.16,-1001.13,26,59,-958,-128
2025-09-01 23:57:43.908500,-1918.995,-700.245,-700.44,-717.21,-495.105,-447.72,-503.1,-395.46,26,59,-958,-128
2025-09-01 23:57:43.919875,31.395,432.315,506.22,368.55,351.0,396.825,542.88,498.42,39,66,-954,-64
2025-09-01 23:57:43.931250,1506.18,1092.78,1104.285,1021.605,820.755,842.01,1106.04,927.03,28,70,-950,-64
2025-09-01 23:57:43.954000,3420.495,1640.535,1529.775,1605.63,1167.465,1169.22,1492.335,1274.91,25,65,-950,-128
2025-09-01 23:57:43.965125,3198.585,1326.975,1200.225,1303.77,932.685,907.92,1094.73,950.235,27,65,-948,-64
2025-09-01 23:57:43.976250,3818.49,1642.875,1519.635,1621.035,1173.51,1148.745,1463.085,1241.76,24,57,-943,-128
2025-09-01 23:57:43.987375,3499.86,1440.465,1319.76,1414.92,1029.015,994.305,1223.04,990.015,23,61,-946,-64
2025-09-01 23:57:43.998500,1688.31,740.8050000000001,680.355,713.3100000000001,535.08,502.515,553.8000000000001,475.995,23,61,-946,-64
2025-09-01 23:57:44.009625,-1018.095,-437.19,-455.325,-427.83,-321.75,-352.365,-531.765,-435.435,25,52,-942,-64
2025-09-01 23:57:44.020750,-2310.36,-1096.875,-1159.08,-1057.29,-817.44,-836.1600000000001,-1094.34,-946.92,21,54,-945,-64
2025-09-01 23:57:44.043000,-3105.96,-1530.36,-1795.365,-1480.44,-1166.295,-1150.695,-1385.475,-1164.93,27,58,-948,-64
2025-09-01 23:57:44.053875,-2659.605,-1206.66,-1370.07,-1195.935,-898.755,-864.825,-1001.13,-823.485,28,63,-948,-64
2025-09-01 23:57:44.064750,-3098.55,-1524.7050000000002,-1837.29,-1471.665,-1175.85,-1151.085,-1352.91,-1137.435,32,61,-943,-128
2025-09-01 23:57:44.075625,-2891.07,-1359.735,-1590.03,-1330.095,-1038.375,-1009.125,-1155.765,-1017.315,32,60,-943,-192
2025-09-01 23:57:44.086500,-1915.29,-723.0600000000001,-716.4300000000001,-723.84,-508.56,-467.22,-510.315,-409.5,30,58,-946,-64
2025-09-01 23:57:44.097375,55.185,417.3,479.895,371.67,348.075,380.835,538.59,490.035,28,58,-950,-64
2025-09-01 23:57:44.108250,1536.99,1085.76,1081.275,1019.85,811.59,829.9200000000001,1103.505,916.305,28,58,-950,-64
2025-09-01 23:57:44.130000,3468.27,1632.54,1506.375,1603.29,1157.91,1146.015,1485.9,1262.625,27,61,-951,-128
2025-09-01 23:57:44.141875,3229.7850000000003,1309.815,1174.875,1289.34,924.69,887.0550000000001,1077.96,923.13,23,60,-949,-64
2025-09-01 23:57:44.153750,3939.975,1654.185,1507.35,1631.565,1170.0,1136.265,1453.335,1241.565,31,66,-946,-128
2025-09-01 23:57:44.165625,3607.305,1446.9,1304.745,1415.895,1019.46,975.585,1208.805,985.92,27,65,-952,-64
2025-09-01 23:57:44.177500,1739.79,740.61,663.585,704.34,521.82,474.63,531.375,461.76,22,59,-953,-64
2025-09-01 23:57:44.189375,-1019.46,-446.355,-471.12,-438.555,-340.47,-374.205,-557.505,-452.01,24,60,-955,-64
2025-09-01 23:57:44.201250,-2320.89,-1108.185,-1177.8,-1068.21,-838.89,-852.735,-1116.375,-961.935,24,60,-955,-64
2025-09-01 23:57:44.225000,-3098.94,-1536.6,-1797.12,-1480.635,-1185.6,-1170.39,-1394.055,-1173.315,28,60,-951,-128
2025-09-01 23:57:44.235625,-2645.37,-1207.05,-1353.105,-1187.355,-909.48,-870.6750000000001,-1002.885,-832.845,26,58,-947,-128
2025-09-01 23:57:44.246250,3932.175,1647.555,1495.4550000000002,1631.37,1155.765,1131.78,1457.04,1234.155,29,61,-950,-64
2025-09-01 23:57:44.256875,3597.5550000000003,1437.15,1291.095,1413.75,1000.545,975.195,1215.63,976.755,20,63,-948,-64
2025-09-01 23:57:44.267500,1723.995,728.52,643.3050000000001,701.025,504.0750000000001,474.435,531.765,447.525,21,66,-950,-64
2025-09-01 23:57:44.278125,-1041.105,-461.565,-485.745,-449.475,-354.315,-382.005,-548.145,-464.295,20,63,-951,-128
2025-09-01 23:57:44.288750,-2331.03,-1118.13,-1195.545,-1072.695,-851.37,-859.755,-1108.77,-967.2,20,63,-951,-128
2025-09-01 23:57:44.310000,-3107.52,-1538.55,-1816.62,-1484.535,-1191.255,-1173.12,-1394.445,-1177.02,14,66,-945,-64
2025-09-01 23:57:44.318250,-2647.71,-1210.56,-1367.73,-1189.305,-915.135,-875.94,-1003.275,-841.0350000000001,19,64,-948,-64
2025-09-01 23:57:44.326500,-3095.625,-1528.02,-1800.24,-1475.565,-1164.54,-1143.48,-1350.57,-1140.36,13,67,-949,-64
2025-09-01 23:57:44.334750,-2880.9300000000003,-1357.395,-1549.275,-1329.12,-1016.34,-990.21,-1148.355,-1006.2,28,74,-950,-64
2025-09-01 23:57:44.343000,-1895.595,-711.1650000000001,-684.45,-715.26,-486.915,-453.18,-498.42,-395.46,26,70,-945,-64
2025-09-01 23:57:44.351250,90.48,423.15,502.71,376.935,372.645,392.535,556.9200000000001,496.665,26,64,-948,-64
2025-09-01 23:57:44.359500,1578.915,1088.295,1093.56,1030.575,833.0400000000001,836.1600000000001,1109.55,917.085,26,64,-948,-64
2025-09-01 23:57:44.376000,3508.2450000000003,1621.035,1506.5700000000002,1602.7050000000002,1174.68,1143.48,1477.71,1254.825,30,72,-949,-128
2025-09-01 23:57:44.387000,3208.1400000000003,1280.175,1159.86,1275.69,921.765,878.2800000000001,1068.015,912.21,28,69,-951,-128
2025-09-01 23:57:44.398000,-3101.28,-1528.605,-1791.075,-1477.71,-1167.27,-1131.39,-1357.395,-1134.9,23,61,-944,-128
2025-09-01 23:57:44.409000,-2882.88,-1355.64,-1540.5,-1322.88,-1026.87,-979.68,-1151.085,-1003.665,26,63,-946,-128
2025-09-01 23:57:44.420000,-1891.695,-712.53,-673.335,-713.895,-493.935,-444.21,-499.005,-390.39,25,63,-951,-128
2025-09-01 23:57:44.431000,91.455,425.295,514.41,376.155,359.97,399.75,553.8000000000001,498.81,26,58,-948,0
2025-09-01 23:57:44.442000,1580.085,1082.835,1097.46,1025.31,817.245,838.3050000000001,1100.58,914.355,26,58,-948,0
2025-09-01 23:57:44.464000,3499.275,1614.99,1509.105,1590.81,1156.35,1147.38,1466.79,1252.095,26,63,-954,-64
2025-09-01 23:57:44.471375,3189.81,1277.445,1156.545,1262.04,906.165,878.2800000000001,1055.145,909.87,26,63,-944,-64
2025-09-01 23:57:44.478750,3921.645,1639.95,1469.52,1620.06,1150.695,1134.705,1440.27,1212.12,23,63,-948,-64
2025-09-01 23:57:44.486125,3550.755,1423.305,1262.625,1399.32,993.72,974.61,1191.06,955.11,23,63,-948,-64
2025-09-01 23:57:44.493500,1670.9550000000002,712.725,615.4200000000001,685.4250000000001,496.665,468.39,509.535,420.81,26,64,-950,-64
2025-09-01 23:57:44.500875,-1069.575,-466.44,-506.805,-459.615,-358.605,-373.815,-568.4250000000001,-484.77,27,65,-954,-64
2025-09-01 23:57:44.508250,-2346.63,-1122.42,-1206.66,-1082.64,-851.76,-847.08,-1118.91,-985.14,26,66,-954,-128
2025-09-01 23:57:44.523000,-3102.255,-1534.65,-1801.41,-1479.27,-1178.97,-1155.57,-1396.005,-1188.33,26,66,-954,-128
2025-09-01 23:57:44.534250,-2638.545,-1203.15,-1345.305,-1177.02,-893.6850000000001,-855.465,-993.135,-844.9350000000001,22,64,-948,-64
2025-09-01 23:57:44.545500,3932.37,1626.69,1475.9550000000002,1608.555,1142.895,1113.255,1436.565,1212.12,25,63,-946,-64
2025-09-01 23:57:44.556750,3557.9700000000003,1405.755,1265.16,1388.4,981.63,954.33,1185.015,952.38,25,63,-946,-64
2025-09-01 23:57:44.568000,1669.005,695.955,616.005,666.705,480.87,459.225,504.66,417.495,24,60,-948,0
2025-09-01 23:57:44.579250,-1077.18,-487.305,-508.56,-470.535,-371.085,-395.46,-571.5450000000001,-478.14,25,62,-949,-64
2025-09-01 23:57:44.590500,-2350.725,-1135.68,-1202.37,-1094.535,-856.83,-864.63,-1124.76,-978.51,23,66,-945,-64
2025-09-01 23:57:44.613000,-3098.1600000000003,-1547.52,-1791.27,-1491.75,-1189.89,-1164.54,-1400.1,-1179.555,23,66,-945,-64
2025-09-01 23:57:44.620500,-2631.135,-1209.0,-1333.215,-1180.725,-903.435,-859.755,-1001.325,-835.38,28,69,-951,-64
2025-09-01 23:57:44.628000,-3075.15,-1529.19,-1799.265,-1481.025,-1163.175,-1134.315,-1358.76,-1147.38,30,62,-947,-128
2025-09-01 23:57:44.635500,-2855.19,-1349.01,-1550.055,-1327.95,-1015.365,-979.095,-1156.935,-1009.71,30,62,-947,-128
2025-09-01 23:57:44.643000,-1858.74,-703.1700000000001,-685.815,-710.385,-484.185,-438.945,-498.03,-398.19,38,61,-939,-128
2025-09-01 23:57:44.650500,135.525,436.41,494.325,383.37,368.16,400.53,556.53,496.86,32,59,-945,-64
2025-09-01 23:57:44.658000,1625.325,1089.465,1077.96,1029.015,820.755,834.6,1101.36,910.845,29,62,-944,-64
2025-09-01 23:57:44.673000,3541.59,1612.26,1468.935,1584.375,1151.67,1140.75,1456.4550000000002,1234.155,29,62,-944,-64
2025-09-01 23:57:44.684250,3191.76,1263.015,1114.425,1244.295,898.1700000000001,863.07,1032.72,885.105,31,57,-944,-64
2025-09-01 23:57:44.695500,3953.625,1615.185,1463.085,1610.115,1140.165,1118.13,1414.725,1208.61,27,61,-948,-64
2025-09-01 23:57:44.706750,3556.8,1395.81,1253.265,1385.67,983.775,952.77,1165.32,947.7,27,61,-948,-64
2025-09-01 23:57:44.718000,1653.015,685.62,602.94,664.95,480.285,452.4,481.455,416.715,37,62,-932,0
2025-09-01 23:57:44.729250,-1089.075,-496.275,-521.4300000000001,-470.73,-374.01,-391.755,-596.895,-481.455,34,63,-941,-128
2025-09-01 23:57:44.740500,-2355.015,-1141.14,-1216.215,-1085.175,-860.145,-863.07,-1145.235,-975.975,34,61,-945,-64
2025-09-01 23:57:44.763000,-3090.75,-1552.395,-1794.78,-1481.415,-1181.895,-1153.23,-1405.365,-1174.095,34,65,-943,-64
2025-09-01 23:57:44.774125,-2617.875,-1207.05,-1319.37,-1170.39,-894.465,-847.08,-1001.325,-817.245,35,65,-946,-128
2025-09-01 23:57:44.785250,3972.735,1611.285,1447.095,1597.8300000000002,1147.965,1110.915,1431.105,1210.95,30,61,-951,-192
2025-09-01 23:57:44.796375,3569.28,1385.085,1235.52,1373.775,990.99,946.53,1172.73,947.115,30,61,-951,-192
2025-09-01 23:57:44.807500,1652.43,673.14,579.54,648.96,491.79,447.525,486.915,414.375,39,58,-954,-64
2025-09-01 23:57:44.818625,-1105.65,-509.145,-537.8100000000001,-485.94,-365.82,-405.405,-588.315,-487.5,30,59,-947,-64
2025-09-01 23:57:44.829750,-2367.3,-1149.525,-1233.96,-1101.555,-847.275,-872.82,-1131.975,-981.24,34,61,-940,-64
2025-09-01 23:57:44.852000,-3094.8450000000003,-1552.395,-1801.605,-1490.5800000000002,-1165.905,-1160.64,-1395.615,-1166.685,31,63,-947,-64
2025-09-01 23:57:44.863250,-2609.1,-1202.175,-1332.24,-1172.73,-882.57,-853.32,-983.385,-817.0500000000001,32,62,-948,0
2025-09-01 23:57:44.874500,-3070.4700000000003,-1535.625,-1777.23,-1464.84,-1165.32,-1141.335,-1342.965,-1138.605,32,66,-947,-64
2025-09-01 23:57:44.885750,-2843.685,-1355.445,-1515.15,-1310.4,-1012.83,-987.285,-1134.51,-1004.64,32,66,-947,-128
2025-09-01 23:57:44.897000,-1840.41,-699.27,-663.585,-694.2,-479.31,-440.7,-475.8,-387.075,29,63,-942,-128
2025-09-01 23:57:44.908250,172.965,443.82,509.925,400.725,367.185,403.065,582.075,509.73,29,72,-946,-128
2025-09-01 23:57:44.919500,1669.785,1097.46,1086.15,1035.84,818.8050000000001,823.6800000000001,1116.375,917.085,23,74,-946,-128
2025-09-01 23:57:44.942000,3588.975,1602.9,1473.03,1582.62,1139.385,1117.35,1467.765,1235.715,24,66,-949,-64
2025-09-01 23:57:44.957000,3188.6400000000003,1239.42,1103.895,1232.79,874.77,838.89,1031.745,872.4300000000001,24,64,-950,-64
2025-09-01 23:57:44.972000,-3071.25,-1539.525,-1799.85,-1472.25,-1172.145,-1140.36,-1345.11,-1133.34,28,62,-945,-64
2025-09-01 23:57:44.987000,-2841.15,-1355.055,-1530.555,-1311.765,-1021.605,-979.095,-1133.535,-998.205,26,61,-949,-64
2025-09-01 23:57:45.002000,-1837.68,-702.195,-669.825,-692.64,-487.695,-435.435,-476.385,-376.155,26,61,-949,-64
2025-09-01 23:57:45.017000,178.23000000000002,438.36,507.975,408.135,358.8,400.53,579.15,508.365,25,68,-932,-192
2025-09-01 23:57:45.032000,1679.535,1094.73,1083.03,1047.93,813.15,832.065,1112.67,916.695,26,62,-939,-128
2025-09-01 23:57:45.062000,3604.575,1601.73,1461.525,1594.905,1129.83,1116.96,1457.82,1234.74,27,61,-945,0
2025-09-01 23:57:45.069875,3194.49,1237.275,1097.655,1240.785,862.875,839.475,1024.335,874.575,24,61,-947,-128
2025-09-01 23:57:45.077750,4013.295,1618.305,1438.125,1614.795,1126.32,1108.185,1412.775,1211.34,24,59,-950,-64
2025-09-01 23:57:45.085625,3585.465,1387.23,1224.015,1380.21,963.69,942.825,1157.13,944.19,25,59,-947,-64
2025-09-01 23:57:45.093500,1651.845,668.85,570.96,647.985,459.42,440.505,460.785,409.11,25,59,-947,-64
2025-09-01 23:57:45.101375,-1124.37,-509.925,-551.655,-488.28,-395.46,-408.33,-607.815,-488.085,28,57,-941,-128
2025-09-01 23:57:45.109250,-2382.705,-1153.23,-1240.2,-1097.265,-877.3050000000001,-875.5500000000001,-1147.77,-981.63,24,59,-945,-64
2025-09-01 23:57:45.125000,-3091.725,-1544.2050000000002,-1800.24,-1481.805,-1190.865,-1154.01,-1407.12,-1169.415,22,63,-945,-64
2025-09-01 23:57:45.135875,-2599.935,-1194.765,-1316.835,-1166.1,-896.4150000000001,-840.0600000000001,-997.62,-814.71,19,62,-945,-64
2025-09-01 23:57:45.146750,4000.62,1611.48,1448.655,1604.0700000000002,1126.32,1104.87,1418.43,1218.945,30,69,-946,0
2025-09-01 23:57:45.157625,3573.1800000000003,1385.865,1233.765,1362.27,963.3,935.025,1165.32,946.14,29,66,-946,-64
2025-09-01 23:57:45.168500,1626.105,666.9,577.785,630.63,460.785,432.12,476.58,413.985,29,66,-946,-64
2025-09-01 23:57:45.179375,-1136.46,-513.63,-547.95,-510.315,-390.975,-418.86,-601.965,-479.895,30,63,-942,-64
2025-09-01 23:57:45.190250,-2393.82,-1155.375,-1230.645,-1123.59,-867.5550000000001,-882.57,-1146.015,-975.975,28,64,-934,-64
2025-09-01 23:57:45.212000,-3098.94,-1552.395,-1785.615,-1499.16,-1181.7,-1163.565,-1405.17,-1160.64,30,62,-942,-64
2025-09-01 23:57:45.219750,-2604.225,-1194.96,-1300.4550000000002,-1174.29,-889.98,-850.005,-990.015,-799.3050000000001,32,61,-945,-64
2025-09-01 23:57:45.227500,-3073.98,-1524.12,-1772.55,-1486.095,-1159.86,-1130.805,-1343.745,-1140.36,28,62,-953,-64
2025-09-01 23:57:45.235250,-2835.105,-1338.48,-1506.5700000000002,-1325.805,-1010.295,-974.025,-1132.56,-1003.86,28,57,-955,-64
2025-09-01 23:57:45.243000,-1822.665,-677.4300000000001,-645.0600000000001,-696.9300000000001,-473.46,-432.51,-469.17,-384.735,25,61,-950,-128
2025-09-01 23:57:45.250750,201.435,464.1,520.065,403.65,375.18,408.525,590.85,509.535,28,63,-951,0
2025-09-01 23:57:45.258500,1706.055,1117.935,1096.29,1040.91,821.73,840.0600000000001,1129.44,912.99,28,63,-951,0
2025-09-01 23:57:45.274000,3631.875,1617.915,1471.86,1581.45,1135.68,1124.175,1468.935,1227.525,28,62,-951,-64
2025-09-01 23:57:45.285125,3185.715,1239.42,1103.895,1213.68,868.5300000000001,832.455,1025.7,850.395,26,56,-950,0
2025-09-01 23:57:45.296250,-3081.0,-1527.63,-1748.76,-1479.855,-1151.085,-1142.895,-1336.53,-1142.31,34,63,-948,-64
2025-09-01 23:57:45.307375,-2848.17,-1349.2050000000002,-1484.535,-1323.27,-998.4,-984.945,-1123.59,-999.57,31,60,-939,-64
2025-09-01 23:57:45.318500,-1831.245,-685.815,-633.1650000000001,-698.49,-464.49,-446.745,-451.23,-380.055,28,63,-942,-64
2025-09-01 23:57:45.329625,200.655,456.69,533.325,404.625,388.83,395.85,608.01,516.36,27,62,-946,-64
2025-09-01 23:57:45.340750,1702.155,1107.99,1106.235,1039.74,837.72,823.2900000000001,1139.58,926.055,27,62,-946,-64
2025-09-01 23:57:45.363000,3616.86,1608.555,1479.465,1571.895,1151.475,1104.48,1472.055,1228.89,25,64,-949,-64
2025-09-01 23:57:45.370625,3171.2850000000003,1233.765,1105.065,1208.22,878.6700000000001,814.71,1029.99,864.825,24,64,-947,-64
2025-09-01 23:57:45.378250,4025.97,1619.085,1452.75,1596.27,1140.36,1091.025,1413.75,1195.545,28,65,-959,-128
2025-09-01 23:57:45.385875,3578.445,1387.23,1237.86,1354.0800000000002,971.685,918.84,1147.965,922.155,26,64,-946,-64
2025-09-01 23:57:45.393500,1624.155,655.395,574.275,618.15,462.15,405.6,459.42,392.73,24,63,-945,-64
2025-09-01 23:57:45.401125,-1159.08,-519.09,-546.39,-516.36,-390.78,-437.97,-615.615,-514.215,24,62,-946,-64
2025-09-01 23:57:45.408750,-2407.4700000000003,-1166.1,-1223.235,-1127.685,-868.335,-899.145,-1151.865,-999.765,24,62,-946,-64
2025-09-01 23:57:45.424000,-3099.33,-1552.005,-1766.7,-1500.135,-1175.265,-1171.755,-1405.56,-1182.87,29,58,-948,-64
2025-09-01 23:57:45.435125,-2594.28,-1191.645,-1276.0800000000002,-1178.19,-873.4050000000001,-857.8050000000001,-985.725,-814.905,29,59,-946,-128
2025-09-01 23:57:45.446250,-3070.4700000000003,-1518.66,-1740.765,-1473.81,-1162.395,-1131.195,-1340.82,-1141.53,21,57,-930,0
2025-09-01 23:57:45.457375,-2839.59,-1337.895,-1475.76,-1310.79,-1009.905,-973.83,-1131.0,-1003.08,22,69,-948,-64
2025-09-01 23:57:45.468500,-1815.06,-672.945,-620.6850000000001,-680.5500000000001,-462.735,-426.855,-454.155,-376.155,21,63,-950,-64
2025-09-01 23:57:45.479625,224.64,474.435,543.855,425.295,384.15,411.45,605.28,517.9200000000001,20,57,-950,-64
2025-09-01 23:57:45.490750,1729.065,1120.86,1109.94,1060.8,827.58,837.33,1139.775,925.47,20,57,-950,-64
2025-09-01 23:57:45.513000,3662.295,1618.89,1484.535,1596.27,1143.285,1113.45,1471.47,1223.235,22,61,-960,-128
2025-09-01 23:57:45.524125,3198.975,1231.62,1103.505,1220.115,865.605,819.78,1021.215,855.075,25,66,-950,-192
2025-09-01 23:57:45.535250,4018.755,1612.65,1460.94,1608.555,1131.39,1093.365,1414.335,1201.005,31,66,-931,-64
2025-09-01 23:57:45.546375,3563.82,1375.335,1237.0800000000002,1367.145,962.91,919.62,1153.23,922.74,30,65,-936,-64
2025-09-01 23:57:45.557500,1596.465,648.96,578.565,629.265,460.005,415.35,457.47,389.415,26,62,-942,-64
2025-09-01 23:57:45.568625,-1183.26,-530.79,-545.61,-509.925,-397.02,-429.78,-618.345,-515.775,25,65,-944,-64
2025-09-01 23:57:45.579750,-2428.14,-1166.1,-1224.405,-1115.985,-872.4300000000001,-889.2,-1152.84,-1001.52,25,65,-944,-64
2025-09-01 23:57:45.602000,-3105.57,-1552.005,-1743.3,-1484.145,-1176.045,-1165.71,-1402.245,-1178.19,30,70,-954,-64
2025-09-01 23:57:45.613250,-2599.545,-1186.185,-1255.215,-1158.3,-878.085,-847.275,-977.535,-809.445,32,63,-944,-64
2025-09-01 23:57:45.624500,4017.78,1615.77,1461.525,1601.34,1137.825,1083.81,1398.54,1198.86,31,64,-947,-64
2025-09-01 23:57:45.635750,3558.5550000000003,1374.165,1239.81,1352.52,969.93,913.185,1134.9,921.18,31,64,-947,-64
2025-09-01 23:57:45.647000,1591.2,639.405,576.8100000000001,617.37,461.76,408.525,443.04,386.1,28,64,-949,0
2025-09-01 23:57:45.658250,-1185.21,-533.715,-545.22,-520.26,-394.485,-434.85,-625.365,-514.995,26,62,-951,-192
2025-09-01 23:57:45.669500,-2424.8250000000003,-1173.51,-1214.85,-1131.0,-865.4100000000001,-896.025,-1164.54,-1002.495,26,62,-951,-192
2025-09-01 23:57:45.692000,-3105.57,-1554.735,-1742.13,-1500.525,-1170.585,-1166.49,-1408.095,-1180.335,29,64,-946,-64
2025-09-01 23:57:45.699750,-2594.865,-1187.16,-1248.975,-1161.225,-872.625,-844.74,-984.555,-816.465,33,65,-952,-128
2025-09-01 23:57:45.707500,-3066.1800000000003,-1524.51,-1712.49,-1472.055,-1154.01,-1131.975,-1361.295,-1140.36,31,68,-950,-64
2025-09-01 23:57:45.715250,-2829.255,-1336.53,-1447.485,-1310.01,-996.45,-965.64,-1146.99,-998.4,31,68,-950,-64
2025-09-01 23:57:45.723000,-1797.12,-674.3100000000001,-599.625,-680.94,-457.275,-423.54,-474.63,-374.79,25,67,-951,-64
2025-09-01 23:57:45.730750,245.895,474.825,552.825,425.295,386.88,415.155,584.025,525.72,25,62,-946,0
2025-09-01 23:57:45.738500,1751.88,1119.3,1119.105,1062.165,832.455,836.94,1115.985,922.74,28,62,-944,0
2025-09-01 23:57:45.754000,3684.135,1610.115,1480.44,1590.42,1139.97,1110.33,1441.8300000000002,1223.43,28,62,-944,0
2025-09-01 23:57:45.765125,3196.05,1220.31,1099.605,1208.805,859.5600000000001,814.905,991.965,848.445,33,57,-934,-128
2025-09-01 23:57:45.776250,4030.455,1606.215,1455.285,1603.485,1119.105,1092.39,1393.47,1196.13,27,62,-951,-64
2025-09-01 23:57:45.787375,3556.215,1361.1,1230.645,1359.15,949.065,916.5,1130.415,924.105,27,62,-951,-64
2025-09-01 23:57:45.798500,1583.595,628.095,566.28,617.955,438.165,408.33,431.34,381.03,22,65,-956,-64
2025-09-01 23:57:45.809625,-1198.47,-555.165,-554.19,-522.015,-414.375,-437.775,-639.405,-521.625,23,67,-953,-64
2025-09-01 23:57:45.820750,-2436.33,-1181.895,-1222.065,-1121.25,-889.7850000000001,-894.27,-1171.17,-1007.37,25,63,-950,-128
2025-09-01 23:57:45.843000,-3113.76,-1565.265,-1742.715,-1482.39,-1190.865,-1162.59,-1418.625,-1179.555,25,63,-950,-128
2025-09-01 23:57:45.850500,-2599.35,-1193.205,-1241.565,-1149.915,-880.815,-843.375,-985.725,-812.37,21,63,-943,-128
2025-09-01 23:57:45.858000,-3069.3,-1531.335,-1707.81,-1459.575,-1173.51,-1131.195,-1360.125,-1127.49,29,64,-945,-64
2025-09-01 23:57:45.865500,-2823.405,-1343.745,-1441.44,-1296.165,-1014.78,-966.615,-1144.455,-983.385,29,64,-945,-64
2025-09-01 23:57:45.873000,-1794.975,-676.26,-602.5500000000001,-664.365,-470.925,-421.98,-463.515,-351.58500000000004,31,59,-952,-64
2025-09-01 23:57:45.880500,258.765,474.24,551.85,441.48,374.01,420.225,598.065,545.61,26,63,-952,-64
2025-09-01 23:57:45.888000,1769.8200000000002,1115.205,1122.42,1072.89,820.755,842.595,1125.735,951.99,26,62,-953,-64
2025-09-01 23:57:45.903000,3707.73,1599.0,1479.855,1600.17,1119.495,1109.355,1449.24,1249.17,26,62,-953,-64
2025-09-01 23:57:45.914250,3191.955,1214.265,1093.755,1213.29,837.525,811.005,990.405,869.895,24,54,-950,-64
2025-09-01 23:57:45.925500,4074.33,1604.85,1451.385,1595.1,1113.84,1090.83,1400.1,1200.81,29,64,-948,-64
2025-09-01 23:57:45.936750,3592.875,1357.59,1230.255,1347.84,951.015,912.795,1132.755,922.35,29,64,-948,-64
2025-09-01 23:57:45.948000,1602.51,632.385,564.72,609.57,437.385,406.185,431.73,387.27,31,63,-952,-64
2025-09-01 23:57:45.959250,-1195.35,-550.095,-563.355,-530.595,-411.45,-434.655,-650.13,-519.87,31,66,-951,-64
2025-09-01 23:57:45.970500,-2435.355,-1181.115,-1230.84,-1133.145,-888.615,-893.6850000000001,-1179.36,-1011.66,29,62,-951,-64
2025-09-01 23:57:45.993000,-3103.425,-1558.635,-1734.915,-1492.14,-1182.285,-1157.52,-1420.38,-1185.405,30,62,-951,-192
2025-09-01 23:57:46.000500,-2581.8,-1181.115,-1229.28,-1156.155,-874.38,-836.355,-984.75,-811.59,29,61,-946,-128
2025-09-01 23:57:46.008000,4094.415,1597.05,1454.895,1598.415,1120.665,1089.855,1401.075,1196.91,27,63,-942,-64
2025-09-01 23:57:46.015500,3613.155,1357.2,1232.2050000000002,1347.84,949.065,914.94,1135.095,923.715,27,63,-942,-64
2025-09-01 23:57:46.023000,1612.845,624.0,564.33,606.84,442.065,403.26,438.165,378.885,23,63,-948,-64
2025-09-01 23:57:46.030500,-1196.91,-555.165,-564.72,-535.86,-411.45,-434.265,-640.38,-526.5,29,63,-955,0
2025-09-01 23:57:46.038000,-2438.475,-1186.77,-1228.305,-1135.095,-881.01,-892.9050000000001,-1172.34,-1010.88,35,68,-954,-128
2025-09-01 23:57:46.053000,-3105.57,-1560.78,-1739.4,-1494.09,-1179.555,-1159.665,-1408.095,-1179.75,29,62,-952,-64
2025-09-01 23:57:46.064250,-2584.725,-1189.695,-1237.0800000000002,-1158.105,-873.99,-842.4,-980.655,-808.08,28,65,-952,-128
2025-09-01 23:57:46.075500,-3085.6800000000003,-1525.875,-1718.34,-1473.225,-1152.84,-1127.1,-1351.155,-1129.44,31,62,-950,-128
2025-09-01 23:57:46.086750,-2837.64,-1333.02,-1447.29,-1308.06,-996.84,-956.67,-1134.12,-987.285,31,62,-950,-128
2025-09-01 23:57:46.098000,-1806.675,-661.635,-604.5,-676.455,-460.59,-405.795,-449.475,-360.555,27,53,-947,-128
2025-09-01 23:57:46.109250,250.38,489.45,554.97,433.29,392.34,437.97,620.2950000000001,538.59,26,62,-953,-128
2025-09-01 23:57:46.120500,1759.29,1133.145,1116.765,1066.455,827.58,855.855,1146.21,943.02,22,62,-946,-64
2025-09-01 23:57:46.143000,3690.96,1614.99,1474.005,1593.93,1131.585,1122.615,1469.52,1232.985,26,65,-945,0
2025-09-01 23:57:46.154125,3167.58,1224.99,1087.905,1197.3,849.4200000000001,830.7,1004.835,854.6850000000001,27,65,-947,-64
2025-09-01 23:57:46.165250,-3081.3900000000003,-1528.215,-1714.05,-1478.1,-1162.395,-1128.465,-1357.59,-1133.73,23,61,-952,-128
2025-09-01 23:57:46.176375,-2839.395,-1341.21,-1439.88,-1312.35,-1003.47,-963.885,-1133.925,-987.675,23,61,-951,-128
2025-09-01 23:57:46.187500,-1804.53,-666.51,-596.895,-673.335,-457.665,-413.595,-452.205,-354.315,23,61,-951,-128
2025-09-01 23:57:46.198625,253.305,487.89,556.9200000000001,429.195,397.41,426.855,612.69,546.975,19,60,-940,0
2025-09-01 23:57:46.209750,1766.115,1131.39,1124.565,1068.015,838.5,846.885,1143.285,943.995,21,67,-927,-64
2025-09-01 23:57:46.232000,3701.1,1614.99,1476.93,1594.3200000000002,1140.75,1115.985,1462.11,1240.005,23,66,-937,0
2025-09-01 23:57:46.243375,3178.11,1212.12,1084.005,1199.64,859.365,818.22,1000.74,856.635,26,64,-944,-64
2025-09-01 23:57:46.254750,4081.74,1614.015,1442.025,1612.26,1115.4,1089.855,1413.36,1200.615,28,63,-947,0
2025-09-01 23:57:46.266125,3595.9950000000003,1366.755,1216.41,1357.59,943.605,918.255,1141.335,923.715,26,62,-945,-128
2025-09-01 23:57:46.277500,1595.1,631.215,549.9,609.1800000000001,431.925,405.795,437.19,381.225,26,62,-945,-128
2025-09-01 23:57:46.288875,-1215.825,-555.75,-574.47,-528.645,-421.785,-437.775,-643.3050000000001,-524.355,28,60,-948,-64
2025-09-01 23:57:46.300250,-2449.2000000000003,-1187.355,-1243.32,-1131.195,-892.515,-893.6850000000001,-1177.02,-1005.03,24,63,-935,-192
2025-09-01 23:57:46.323000,-3112.005,-1563.51,-1752.855,-1489.02,-1188.135,-1160.25,-1415.7,-1185.405,25,65,-939,-64
2025-09-01 23:57:46.334125,-2588.235,-1187.16,-1244.88,-1151.475,-882.96,-836.355,-978.705,-808.275,26,61,-944,-64
2025-09-01 23:57:46.345250,-3078.855,-1520.22,-1711.515,-1470.105,-1154.595,-1127.49,-1350.57,-1139.58,26,66,-941,-128
2025-09-01 23:57:46.356375,-2836.4700000000003,-1328.535,-1436.37,-1302.6,-997.035,-965.835,-1132.95,-998.985,28,67,-944,-64
2025-09-01 23:57:46.367500,-1796.925,-651.69,-587.145,-665.145,-458.055,-415.155,-449.67,-361.14,28,67,-944,-64
2025-09-01 23:57:46.378625,270.46500000000003,503.685,556.9200000000001,440.895,395.655,426.27,621.465,540.15,26,61,-944,-128
2025-09-01 23:57:46.389750,1785.8100000000002,1145.43,1124.76,1073.28,834.99,845.325,1150.89,940.485,28,58,-935,-128
2025-09-01 23:57:46.412000,3728.985,1631.175,1482.975,1601.535,1135.68,1112.28,1466.01,1236.3,27,63,-946,-128
2025-09-01 23:57:46.420000,3191.37,1226.16,1084.2,1203.15,851.76,814.32,1005.03,854.88,24,57,-945,-64
2025-09-01 23:57:46.428000,4066.335,1620.84,1441.44,1587.3,1123.98,1085.76,1407.51,1189.89,25,65,-951,-64
2025-09-01 23:57:46.436000,3578.25,1372.215,1215.24,1334.5800000000002,953.55,907.725,1130.805,908.31,21,62,-942,-64
2025-09-01 23:57:46.444000,1576.575,639.99,548.34,588.51,442.845,401.115,432.51,367.77,23,62,-944,-128
2025-09-01 23:57:46.452000,-1225.185,-545.61,-578.76,-544.0500000000001,-410.67,-447.72,-644.28,-540.9300000000001,26,63,-947,-64
2025-09-01 23:57:46.460000,-2459.5350000000003,-1177.605,-1242.15,-1146.015,-881.205,-901.68,-1169.025,-1017.705,26,63,-947,-64
2025-09-01 23:57:46.476000,-3120.975,-1547.52,-1743.495,-1502.085,-1173.12,-1172.145,-1412.19,-1187.355,28,63,-945,0
2025-09-01 23:57:46.487000,-2597.01,-1176.045,-1238.835,-1166.295,-871.26,-841.0350000000001,-978.315,-807.105,23,63,-949,-64
2025-09-01 23:57:46.498000,4041.57,1598.22,1458.21,1578.135,1114.62,1084.59,1407.9,1177.8,30,64,-949,-64
2025-09-01 23:57:46.509000,3554.07,1352.13,1226.16,1327.365,946.92,907.14,1129.44,896.025,34,63,-954,-64
2025-09-01 23:57:46.520000,1552.395,614.835,559.65,584.61,429.0,397.8,430.56,356.07,29,63,-953,-64
2025-09-01 23:57:46.531000,-1231.62,-563.355,-559.26,-547.1700000000001,-421.2,-442.065,-641.355,-546.195,30,67,-948,-128
2025-09-01 23:57:46.542000,-2455.05,-1191.645,-1224.21,-1151.085,-889.395,-894.6600000000001,-1177.02,-1023.75,30,67,-948,-128
2025-09-01 23:57:46.564000,-3117.6600000000003,-1563.51,-1729.065,-1504.815,-1182.48,-1156.155,-1418.625,-1195.155,31,64,-956,-192
2025-09-01 23:57:46.571500,-2592.915,-1186.965,-1221.48,-1167.27,-869.7,-833.625,-977.535,-823.095,32,62,-955,0
2025-09-01 23:57:46.579000,-3073.59,-1530.36,-1700.2050000000002,-1483.755,-1148.94,-1121.64,-1368.12,-1140.945,24,61,-944,-64
2025-09-01 23:57:46.586500,-2832.57,-1336.92,-1426.035,-1313.52,-990.99,-958.23,-1149.135,-993.915,19,65,-961,-64
2025-09-01 23:57:46.594000,-1797.9,-658.32,-583.0500000000001,-681.135,-448.5,-401.7,-467.025,-360.36,23,63,-955,-64
2025-09-01 23:57:46.601500,265.395,495.105,568.815,419.64,399.945,434.265,596.505,536.64,24,62,-954,-64
2025-09-01 23:57:46.609000,1777.035,1134.315,1131.39,1050.27,838.89,853.515,1127.88,938.73,24,62,-954,-64
2025-09-01 23:57:46.624000,3711.045,1612.26,1483.755,1574.8200000000002,1139.19,1111.89,1444.17,1233.57,15,62,-956,-128
2025-09-01 23:57:46.635125,3172.065,1211.145,1092.585,1179.165,858.39,812.37,984.165,843.375,21,65,-953,0
2025-09-01 23:57:46.646250,4089.54,1605.825,1461.915,1595.295,1128.855,1088.295,1392.495,1188.525,18,66,-957,0
2025-09-01 23:57:46.657375,3598.725,1359.93,1235.13,1345.305,959.79,916.11,1121.055,909.87,29,60,-949,-64
2025-09-01 23:57:46.668500,1594.905,619.32,566.475,599.625,447.33,401.7,421.98,370.11,28,67,-950,-128
2025-09-01 23:57:46.679625,-1208.415,-561.21,-551.46,-534.3000000000001,-412.815,-441.09,-654.225,-538.98,29,65,-949,-64
2025-09-01 23:57:46.690750,-2445.69,-1191.84,-1210.755,-1135.095,-877.695,-895.0500000000001,-1183.65,-1025.895,29,65,-949,-64
2025-09-01 23:57:46.713000,-3106.155,-1566.24,-1706.64,-1484.34,-1167.075,-1152.255,-1425.06,-1194.765,28,57,-942,0
2025-09-01 23:57:46.720500,-2578.0950000000003,-1191.255,-1209.39,-1147.77,-864.4350000000001,-828.75,-983.97,-816.855,28,62,-946,-128
2025-09-01 23:57:46.728000,4079.205,1594.3200000000002,1449.63,1604.46,1117.935,1084.59,1404.975,1180.725,27,61,-938,-64
2025-09-01 23:57:46.735500,3583.5150000000003,1349.01,1221.675,1355.25,950.43,906.945,1127.88,903.435,30,67,-958,-64
2025-09-01 23:57:46.743000,1582.23,609.96,555.5550000000001,614.835,434.46,394.485,426.855,349.635,28,66,-951,-64
2025-09-01 23:57:46.750500,-1219.335,-571.74,-562.575,-520.26,-415.74,-452.595,-653.445,-550.6800000000001,25,62,-950,0
2025-09-01 23:57:46.758000,-2455.635,-1199.64,-1229.28,-1117.35,-886.275,-907.14,-1182.87,-1035.255,25,62,-950,0
2025-09-01 23:57:46.773000,-3111.225,-1567.605,-1724.5800000000002,-1482.0,-1175.07,-1170.195,-1423.695,-1205.88,31,61,-957,0
2025-09-01 23:57:46.788000,-2590.38,-1188.915,-1221.87,-1149.135,-863.46,-842.595,-989.82,-820.365,29,62,-949,-128
2025-09-01 23:57:46.803000,-3071.835,-1527.045,-1677.975,-1463.865,-1139.19,-1141.14,-1364.805,-1146.6,28,62,-952,0
2025-09-01 23:57:46.818000,-2824.5750000000003,-1338.285,-1407.315,-1295.19,-983.775,-975.39,-1143.285,-1004.835,28,62,-952,0
2025-09-01 23:57:46.833000,-1786.59,-656.955,-568.815,-656.565,-443.04,-426.465,-462.735,-362.895,28,62,-949,-64
2025-09-01 23:57:46.848000,275.145,493.35,579.15,456.69,408.135,415.74,605.28,540.15,31,62,-949,0
2025-09-01 23:57:46.863000,1794.0,1131.78,1137.825,1087.71,844.9350000000001,831.48,1132.17,940.095,31,62,-949,0
2025-09-01 23:57:46.893000,3737.955,1613.8200000000002,1493.7,1608.36,1146.015,1094.34,1451.97,1225.185,25,54,-949,-64
2025-09-01 23:57:46.904125,3193.32,1210.56,1095.12,1214.655,861.315,802.62,978.12,838.5,27,60,-953,0
2025-09-01 23:57:46.915250,-3067.35,-1520.22,-1660.815,-1452.555,-1142.505,-1140.36,-1362.855,-1131.78,25,64,-951,0
2025-09-01 23:57:46.926375,-2823.015,-1327.755,-1392.3,-1285.44,-985.92,-975.78,-1144.845,-993.135,24,64,-951,0
2025-09-01 23:57:46.937500,-1780.9350000000002,-653.835,-551.85,-647.4,-442.065,-422.565,-458.055,-354.705,26,65,-950,-64
2025-09-01 23:57:46.948625,285.675,499.785,591.24,456.105,403.26,415.545,611.325,549.51,27,63,-947,-128
2025-09-01 23:57:46.959750,1798.68,1141.53,1149.525,1090.635,844.5450000000001,831.87,1136.655,947.505,25,64,-947,-64
2025-09-01 23:57:46.982000,3743.61,1625.91,1501.89,1612.65,1138.215,1101.36,1451.19,1238.445,25,64,-947,-64
2025-09-01 23:57:46.993625,3192.735,1225.38,1108.965,1213.29,858.975,800.6700000000001,991.185,863.655,19,62,-942,-128
2025-09-01 23:57:47.005250,4119.765,1611.48,1463.67,1600.95,1128.465,1092.195,1405.95,1203.54,27,65,-949,-64
2025-09-01 23:57:47.016875,3617.445,1366.95,1236.3,1347.645,959.985,913.965,1130.22,920.985,27,65,-949,-64
2025-09-01 23:57:47.028500,1594.905,624.975,566.085,601.1850000000001,446.745,406.38,428.805,379.47,30,66,-949,0
2025-09-01 23:57:47.040125,-1217.19,-550.485,-557.115,-539.565,-399.945,-433.095,-651.495,-520.455,30,64,-947,-64
2025-09-01 23:57:47.051750,-2449.59,-1179.945,-1208.22,-1137.435,-865.995,-883.35,-1183.26,-1005.615,27,64,-946,-64
2025-09-01 23:57:47.075000,-3105.96,-1545.5700000000002,-1709.175,-1494.87,-1155.57,-1151.085,-1419.21,-1171.56,27,64,-946,-64
2025-09-01 23:57:47.085625,-2578.875,-1174.095,-1201.59,-1149.915,-851.76,-826.02,-983.97,-793.845,37,62,-951,-128
2025-09-01 23:57:47.096250,-3063.4500000000003,-1517.1,-1670.9550000000002,-1467.765,-1143.09,-1125.735,-1373.97,-1128.855,26,63,-954,-64
2025-09-01 23:57:47.106875,-2821.26,-1328.73,-1403.61,-1303.77,-984.75,-960.18,-1155.18,-981.435,26,63,-954,-64
2025-09-01 23:57:47.117500,-1783.0800000000002,-651.885,-568.4250000000001,-663.975,-450.255,-411.84,-469.56,-354.51,34,58,-962,0
2025-09-01 23:57:47.128125,290.745,505.44,582.66,444.015,402.675,433.875,602.5500000000001,547.755,28,60,-956,-64
2025-09-01 23:57:47.138750,1804.92,1146.21,1143.48,1075.035,842.205,847.275,1127.295,952.575,29,62,-952,-128
2025-09-01 23:57:47.160000,3745.17,1625.91,1492.335,1597.635,1137.045,1111.89,1440.27,1241.37,29,62,-952,-128
2025-09-01 23:57:47.168125,3194.88,1218.75,1102.53,1200.225,853.515,810.4200000000001,981.825,858.585,40,61,-937,-128
2025-09-01 23:57:47.176250,4096.755,1599.975,1464.06,1591.005,1124.955,1085.955,1412.385,1190.28,27,61,-946,-64
2025-09-01 23:57:47.184375,3595.9950000000003,1355.25,1239.03,1339.65,955.11,911.43,1138.8,907.335,27,61,-946,-64
2025-09-01 23:57:47.192500,1584.96,616.395,566.475,594.36,444.015,398.97,437.58,363.285,19,58,-944,-64
2025-09-01 23:57:47.200625,-1221.48,-565.89,-556.725,-543.075,-411.06,-442.845,-641.745,-537.225,24,62,-948,-128
2025-09-01 23:57:47.208750,-2449.98,-1191.84,-1207.635,-1145.625,-880.23,-892.32,-1172.145,-1017.12,25,60,-947,-64
2025-09-01 23:57:47.225000,-3102.645,-1563.9,-1698.45,-1496.235,-1165.515,-1156.74,-1411.41,-1188.915,24,61,-946,-64
2025-09-01 23:57:47.235875,-2578.875,-1190.865,-1198.47,-1160.445,-862.6800000000001,-832.845,-972.855,-806.52,23,63,-950,0
2025-09-01 23:57:47.246750,4103.1900000000005,1590.81,1458.6,1598.22,1121.25,1080.3,1411.8,1198.08,34,62,-948,-64
2025-09-01 23:57:47.257625,3602.04,1343.55,1232.01,1345.11,955.5,906.555,1141.14,913.77,34,62,-948,-64
2025-09-01 23:57:47.268500,1588.275,606.84,556.335,605.085,440.115,396.435,438.165,374.4,31,59,-940,0
2025-09-01 23:57:47.279375,-1221.87,-567.645,-561.7950000000001,-540.345,-405.21,-446.745,-639.7950000000001,-528.255,31,60,-944,-128
2025-09-01 23:57:47.290250,-2454.27,-1194.96,-1220.505,-1136.265,-872.4300000000001,-899.5350000000001,-1171.755,-1010.295,29,64,-945,-128
2025-09-01 23:57:47.312000,-3105.7650000000003,-1565.655,-1712.685,-1495.065,-1166.88,-1160.445,-1407.9,-1174.095,29,63,-949,-128
2025-09-01 23:57:47.319750,-2580.8250000000003,-1187.16,-1212.51,-1155.57,-855.855,-826.995,-971.88,-806.52,29,61,-948,-64
2025-09-01 23:57:47.327500,-3063.06,-1551.81,-1666.0800000000002,-1470.69,-1153.815,-1120.665,-1366.365,-1150.89,25,64,-951,-64
2025-09-01 23:57:47.335250,-2820.87,-1364.61,-1394.055,-1303.185,-993.915,-952.38,-1141.53,-1006.395,25,64,-951,-64
2025-09-01 23:57:47.343000,-1780.35,-686.205,-558.6750000000001,-665.145,-449.475,-402.285,-454.155,-366.015,21,69,-937,-64
2025-09-01 23:57:47.350750,289.185,465.66,591.0450000000001,443.625,403.26,440.115,615.03,533.325,29,66,-943,-128
2025-09-01 23:57:47.358500,1809.21,1106.235,1152.06,1074.45,842.985,861.315,1143.675,934.44,30,65,-949,-64
2025-09-01 23:57:47.374000,3757.65,1581.45,1499.55,1598.22,1142.115,1121.835,1459.965,1225.77,28,66,-947,-128
2025-09-01 23:57:47.385125,3200.5350000000003,1180.725,1108.185,1206.66,851.76,825.24,996.06,845.325,26,65,-943,-64
2025-09-01 23:57:47.396250,-3071.6400000000003,-1550.4450000000002,-1649.505,-1457.43,-1149.915,-1128.075,-1364.805,-1137.825,29,64,-946,-64
2025-09-01 23:57:47.407375,-2826.915,-1356.615,-1380.015,-1284.075,-994.89,-961.935,-1141.92,-994.89,29,64,-946,-64
2025-09-01 23:57:47.418500,-1786.2,-672.5550000000001,-546.39,-651.69,-449.085,-404.235,-456.69,-352.755,29,59,-950,-64
2025-09-01 23:57:47.429625,288.795,480.09,599.4300000000001,461.76,402.675,432.315,611.52,539.76,25,67,-949,-128
2025-09-01 23:57:47.440750,1807.65,1121.64,1156.935,1091.025,838.695,849.03,1141.335,943.41,23,65,-944,-64
2025-09-01 23:57:47.463000,3747.12,1600.17,1504.815,1610.115,1140.555,1112.28,1458.6,1235.13,23,64,-942,0
2025-09-01 23:57:47.470750,3192.15,1191.84,1113.45,1201.2,849.225,815.2950000000001,992.16,853.515,25,64,-951,-64
2025-09-01 23:57:47.478500,4095.195,1606.8,1462.305,1610.31,1104.87,1101.555,1411.215,1184.04,24,62,-949,-128
2025-09-01 23:57:47.486250,3599.895,1358.37,1239.225,1358.565,936.39,925.665,1140.165,902.46,24,61,-950,-64
2025-09-01 23:57:47.494000,1588.665,610.74,571.74,616.59,424.125,413.595,439.92,361.92,24,61,-950,-64
2025-09-01 23:57:47.501750,-1219.53,-561.015,-547.365,-528.645,-427.05,-428.61,-634.9200000000001,-543.075,17,60,-940,-128
2025-09-01 23:57:47.509500,-2450.175,-1191.06,-1199.445,-1123.785,-895.44,-882.96,-1168.635,-1026.87,25,56,-937,-64
2025-09-01 23:57:47.525000,-3105.57,-1565.265,-1691.235,-1486.485,-1182.675,-1147.77,-1412.775,-1193.595,23,59,-939,-64
2025-09-01 23:57:47.536125,-2576.5350000000003,-1191.84,-1189.695,-1147.575,-874.575,-820.1700000000001,-972.075,-819.78,27,59,-944,-64
2025-09-01 23:57:47.547250,4125.81,1606.605,1465.035,1604.46,1109.745,1092.975,1401.27,1199.835,26,61,-943,-128
2025-09-01 23:57:47.558375,3631.29,1357.98,1240.785,1352.13,941.85,918.255,1127.88,915.915,25,62,-946,-64
2025-09-01 23:57:47.569500,1610.7,618.9300000000001,570.57,600.99,428.415,408.72,422.37,381.42,25,62,-946,-64
2025-09-01 23:57:47.580625,-1213.68,-560.04,-549.51,-531.57,-420.81,-434.46,-653.64,-521.04,23,62,-931,-64
2025-09-01 23:57:47.591750,-2447.0550000000003,-1185.6,-1206.465,-1134.9,-892.32,-886.86,-1184.43,-1007.565,27,55,-934,-64
2025-09-01 23:57:47.614000,-3097.77,-1559.025,-1698.45,-1486.875,-1178.19,-1147.185,-1422.72,-1175.655,27,63,-941,-64
2025-09-01 23:57:47.624750,-2571.465,-1185.99,-1198.08,-1146.21,-877.5,-824.46,-984.75,-802.815,27,61,-943,-64
2025-09-01 23:57:47.635500,-3068.715,-1540.11,-1664.91,-1458.21,-1141.53,-1130.805,-1365.975,-1156.935,26,69,-954,0
2025-09-01 23:57:47.646250,-2823.6,-1347.45,-1397.76,-1295.97,-987.675,-962.715,-1144.455,-1011.27,27,67,-950,-128
2025-09-01 23:57:47.657000,-1784.055,-673.53,-565.89,-650.91,-446.745,-416.13,-463.32,-377.91,27,67,-950,128
2025-09-01 23:57:47.667750,290.16,480.675,583.245,460.98,409.11,429.975,610.74,524.745,25,65,-957,-256
2025-09-01 23:57:47.678500,1807.455,1119.69,1143.675,1094.34,846.885,846.105,1138.215,936.39,29,65,-947,-128
2025-09-01 23:57:47.700000,3755.895,1603.485,1495.65,1621.425,1145.04,1109.94,1451.775,1219.14,25,64,-947,0
2025-09-01 23:57:47.711250,3209.895,1207.245,1099.605,1216.215,860.9250000000001,809.64,988.26,838.11,24,62,-948,-64
2025-09-01 23:57:47.722500,4124.445,1595.49,1470.495,1607.775,1136.85,1107.405,1416.285,1192.815,26,63,-952,-192
2025-09-01 23:57:47.733750,3627.0,1350.96,1247.025,1359.15,967.59,928.59,1141.335,909.285,24,67,-953,-64
2025-09-01 23:57:47.745000,1608.555,613.275,577.2,609.1800000000001,446.355,417.105,434.655,360.945,22,69,-951,-64
2025-09-01 23:57:47.756250,-1213.485,-571.35,-541.32,-540.735,-398.385,-425.1,-641.355,-543.465,24,65,-952,-64
2025-09-01 23:57:47.767500,-2449.7850000000003,-1202.76,-1206.075,-1140.165,-872.82,-879.0600000000001,-1176.435,-1029.99,24,65,-952,-64
2025-09-01 23:57:47.790000,-3109.08,-1576.575,-1708.395,-1495.845,-1169.805,-1145.04,-1420.575,-1202.9550000000002,22,65,-952,-128
2025-09-01 23:57:47.797750,-2581.8,-1201.005,-1206.27,-1162.59,-862.2900000000001,-822.12,-982.8,-826.215,22,63,-952,0
2025-09-01 23:57:47.805500,-3097.38,-1542.84,-1689.48,-1482.78,-1151.475,-1122.225,-1382.745,-1157.715,29,64,-945,-128
2025-09-01 23:57:47.813250,-2850.9,-1350.18,-1412.5800000000002,-1311.18,-994.89,-958.62,-1160.835,-1012.635,33,63,-948,-128
2025-09-01 23:57:47.821000,-1797.9,-667.485,-570.375,-665.145,-442.65,-403.455,-463.71,-372.84,32,64,-951,-64
2025-09-01 23:57:47.828750,298.74,505.635,601.575,460.395,423.54,455.715,623.22,551.85,32,59,-953,-128
2025-09-01 23:57:47.836500,1838.265,1158.105,1170.39,1103.505,873.015,881.205,1161.225,958.23,32,59,-953,-128
2025-09-01 23:57:47.852000,3840.135,1649.7,1519.44,1638.78,1177.02,1151.475,1484.535,1262.04,22,60,-947,-64
2025-09-01 23:57:47.863250,3287.895,1237.665,1123.98,1233.765,888.615,844.155,1011.465,863.85,25,58,-945,-128
2025-09-01 23:57:47.874500,-3213.0150000000003,-1588.47,-1775.085,-1538.94,-1205.1,-1178.385,-1432.275,-1215.435,31,65,-949,0
2025-09-01 23:57:47.885750,-2970.63,-1397.9550000000002,-1510.47,-1377.48,-1047.15,-1016.925,-1214.07,-1070.355,31,58,-942,-128
2025-09-01 23:57:47.897000,-1900.08,-702.0,-624.39,-711.75,-479.31,-442.065,-506.22,-399.75,29,62,-947,-64
2025-09-01 23:57:47.908250,239.655,518.7,594.5550000000001,461.175,425.295,459.03,631.605,565.5,27,64,-950,-128
2025-09-01 23:57:47.919500,1840.02,1204.71,1203.93,1144.65,899.34,914.55,1210.56,1008.735,27,64,-950,-128
2025-09-01 23:57:47.942000,4016.025,1730.8200000000002,1592.37,1741.35,1233.18,1213.485,1570.14,1350.57,27,63,-937,-64
2025-09-01 23:57:47.949625,3591.705,1338.285,1204.71,1336.335,945.945,912.405,1101.36,954.72,27,64,-942,-64
2025-09-01 23:57:47.957250,4509.765,1790.6850000000002,1588.0800000000002,1811.16,1245.66,1240.59,1557.075,1341.795,27,61,-965,0
2025-09-01 23:57:47.964875,4015.245,1537.77,1360.32,1549.665,1072.89,1060.02,1278.81,1051.05,31,57,-961,0
2025-09-01 23:57:47.972500,1857.57,756.99,663.585,733.7850000000001,528.84,517.14,529.4250000000001,460.2,32,58,-958,-64
2025-09-01 23:57:47.980125,-1262.43,-513.24,-524.94,-500.955,-389.61,-398.385,-631.02,-521.04,27,61,-956,-64
2025-09-01 23:57:47.987750,-2676.1800000000003,-1190.475,-1230.255,-1155.18,-904.41,-893.88,-1213.485,-1050.465,27,61,-956,-64
2025-09-01 23:57:48.003000,-3359.85,-1607.5800000000002,-1801.41,-1552.785,-1235.52,-1198.47,-1495.845,-1254.63,31,56,-948,-64
2025-09-01 23:57:48.014250,-2810.145,-1229.865,-1276.47,-1209.585,-920.01,-862.095,-1039.74,-861.12,30,57,-950,-64
2025-09-01 23:57:48.025500,-3340.545,-1575.21,-1761.045,-1521.39,-1205.88,-1171.17,-1404.78,-1195.35,32,71,-959,-128
2025-09-01 23:57:48.036750,-3092.31,-1385.865,-1484.925,-1353.885,-1050.27,-1004.445,-1180.92,-1041.105,27,63,-947,-128
2025-09-01 23:57:48.048000,-2012.985,-685.4250000000001,-596.115,-687.96,-479.505,-425.49,-464.295,-378.69,27,62,-950,0
2025-09-01 23:57:48.059250,131.235,546.195,628.485,497.25,434.46,487.5,674.895,601.77,27,63,-952,-64
2025-09-01 23:57:48.070500,1733.16,1238.835,1235.325,1182.48,913.965,941.85,1251.7050000000002,1051.83,27,63,-952,-64
2025-09-01 23:57:48.093000,3912.48,1779.96,1623.375,1783.275,1243.905,1240.785,1613.04,1375.335,25,58,-941,-64
2025-09-01 23:57:48.100500,3474.9,1368.51,1235.13,1380.21,956.085,937.365,1138.215,989.04,26,66,-948,-128
2025-09-01 23:57:48.108000,-3360.63,-1583.985,-1715.415,-1530.165,-1192.62,-1165.32,-1410.24,-1174.095,21,68,-957,-64
2025-09-01 23:57:48.115500,-3112.395,-1390.155,-1449.045,-1362.855,-1036.425,-1000.35,-1184.625,-1023.36,21,68,-957,-64
2025-09-01 23:57:48.123000,-2032.29,-689.13,-562.38,-700.245,-466.44,-424.125,-472.095,-358.41,24,63,-956,0
2025-09-01 23:57:48.130500,111.93,532.9350000000001,651.885,482.04,449.085,483.21,675.87,616.005,26,66,-951,-128
2025-09-01 23:57:48.138000,1710.735,1220.7,1257.555,1171.56,925.08,940.095,1254.825,1056.9,26,66,-951,-128
2025-09-01 23:57:48.153000,3883.62,1760.0700000000002,1650.48,1770.405,1259.895,1234.935,1612.26,1398.735,25,65,-939,-128
2025-09-01 23:57:48.164375,3455.79,1356.42,1260.09,1360.515,972.27,933.075,1134.705,1000.155,24,68,-958,0
2025-09-01 23:57:48.175750,4242.615,1737.645,1597.245,1748.76,1227.135,1202.9550000000002,1542.645,1324.8300000000002,25,61,-951,-128
2025-09-01 23:57:48.187125,3778.905,1491.36,1376.7,1488.045,1058.07,1026.87,1262.82,1040.715,25,61,-951,-128
2025-09-01 23:57:48.198500,1692.99,723.645,694.785,704.535,524.745,499.2000000000001,536.835,465.465,27,63,-947,-128
2025-09-01 23:57:48.209875,-1324.8300000000002,-514.02,-472.68,-501.345,-372.06,-387.855,-605.475,-494.325,25,61,-951,0
2025-09-01 23:57:48.221250,-2675.205,-1177.8,-1163.955,-1137.63,-874.38,-872.625,-1176.435,-1011.27,27,61,-947,-64
2025-09-01 23:57:48.244000,-3372.7200000000003,-1590.225,-1710.735,-1529.385,-1202.175,-1174.095,-1450.41,-1211.145,27,61,-947,-64
2025-09-01 23:57:48.255000,-2836.86,-1224.405,-1220.31,-1203.345,-898.1700000000001,-853.71,-1012.83,-844.5450000000001,32,67,-953,0
2025-09-01 23:57:48.266000,4178.85,1704.885,1571.115,1723.995,1184.82,1165.515,1512.615,1293.825,26,59,-948,-64
2025-09-01 23:57:48.277000,3703.83,1455.09,1340.235,1463.865,1018.095,990.21,1236.105,1005.81,26,59,-948,-64
2025-09-01 23:57:48.288000,1617.525,692.25,664.755,674.3100000000001,486.525,465.27,508.755,439.92,23,61,-945,0
2025-09-01 23:57:48.299000,-1345.305,-532.74,-491.79,-507.0,-400.53,-410.28,-614.445,-497.445,23,61,-945,-64
2025-09-01 23:57:48.310000,-2651.8050000000003,-1186.185,-1182.09,-1130.415,-892.9050000000001,-884.325,-1171.56,-1010.1,28,59,-946,0
2025-09-01 23:57:48.332000,-3330.405,-1588.665,-1707.81,-1510.86,-1210.365,-1172.145,-1435.395,-1208.61,28,59,-946,0
2025-09-01 23:57:48.347000,-2798.64,-1214.265,-1212.9,-1178.775,-902.46,-838.5,-998.01,-837.135,24,66,-944,0
2025-09-01 23:57:48.362000,-3263.715,-1552.785,-1648.92,-1504.035,-1160.64,-1138.995,-1380.015,-1155.96,24,61,-945,0
2025-09-01 23:57:48.377000,-3013.725,-1365.195,-1379.82,-1337.895,-1006.005,-975.39,-1159.275,-1015.365,24,61,-945,0
2025-09-01 23:57:48.392000,-1959.555,-678.21,-537.225,-685.815,-451.035,-413.01,-465.075,-365.43,20,61,-942,-128
2025-09-01 23:57:48.407000,136.305,508.755,638.235,452.79,425.49,446.745,631.41,559.845,20,60,-944,-64
2025-09-01 23:57:48.422000,1684.215,1177.41,1217.97,1111.11,882.96,885.105,1183.845,979.68,21,60,-948,-64
2025-09-01 23:57:48.452000,3706.365,1682.265,1587.69,1660.62,1196.325,1159.86,1521.39,1288.95,21,60,-948,-64
2025-09-01 23:57:48.463250,3220.815,1282.125,1189.89,1265.94,911.82,861.315,1055.145,902.85,14,64,-948,-64
2025-09-01 23:57:48.474500,4063.02,1657.11,1540.89,1649.895,1174.485,1118.325,1460.55,1233.57,22,65,-947,-64
2025-09-01 23:57:48.485750,3586.05,1410.63,1317.81,1392.885,1006.2,947.505,1186.185,953.355,22,65,-947,-64
2025-09-01 23:57:48.497000,1558.05,665.535,647.01,633.1650000000001,486.135,430.365,469.56,402.285,27,58,-941,-64
2025-09-01 23:57:48.508250,-1307.475,-532.155,-486.525,-529.23,-387.66,-436.605,-628.095,-525.525,25,61,-948,0
2025-09-01 23:57:48.519500,-2577.315,-1176.435,-1153.815,-1146.6,-870.2850000000001,-906.165,-1181.31,-1020.825,29,62,-949,-64
2025-09-01 23:57:48.542000,-3254.1600000000003,-1570.335,-1664.325,-1518.66,-1169.025,-1182.87,-1441.635,-1212.12,29,66,-951,0
2025-09-01 23:57:48.549500,-2733.705,-1198.08,-1182.48,-1185.6,-873.21,-856.0500000000001,-1003.47,-835.38,30,64,-949,-64
2025-09-01 23:57:48.557000,4034.355,1633.515,1509.69,1609.725,1149.72,1107.405,1424.865,1214.46,28,60,-953,-64
2025-09-01 23:57:48.564500,3570.4500000000003,1393.86,1287.39,1361.295,982.41,932.1,1160.055,936.0,28,60,-953,-64
2025-09-01 23:57:48.572000,1566.825,649.5450000000001,623.22,609.96,471.9,425.295,457.47,393.705,30,64,-948,-64
2025-09-01 23:57:48.579500,-1261.4550000000002,-540.15,-503.1,-538.59,-389.22,-428.025,-631.41,-512.85,23,62,-944,-64
2025-09-01 23:57:48.587000,-2515.89,-1178.19,-1169.025,-1154.01,-864.825,-892.32,-1176.24,-1013.805,17,56,-946,-64
2025-09-01 23:57:48.602000,-3202.485,-1575.6,-1679.145,-1520.22,-1173.9,-1171.56,-1438.125,-1202.175,21,59,-950,-64
2025-09-01 23:57:48.613375,-2689.44,-1209.39,-1194.765,-1194.765,-872.0400000000001,-854.1,-1003.86,-837.9150000000001,21,65,-951,0
2025-09-01 23:57:48.624750,4006.08,1608.9450000000002,1492.335,1607.97,1138.215,1097.85,1417.26,1217.5800000000002,28,61,-943,-64
2025-09-01 23:57:48.636125,3552.51,1373.775,1273.545,1364.61,974.22,930.15,1146.795,941.85,28,61,-943,-64
2025-09-01 23:57:48.647500,1562.925,636.285,612.105,621.27,468.975,421.98,449.28,402.285,25,60,-930,-64
2025-09-01 23:57:48.658875,-1242.15,-549.12,-511.68,-525.135,-390.0,-422.565,-635.505,-509.73,27,68,-946,-64
2025-09-01 23:57:48.670250,-2491.515,-1192.62,-1175.655,-1133.925,-867.36,-884.52,-1180.14,-1008.345,25,67,-951,-128
2025-09-01 23:57:48.693000,-3179.67,-1579.89,-1688.7,-1508.715,-1173.705,-1161.225,-1436.9550000000002,-1194.375,28,67,-953,0
2025-09-01 23:57:48.700625,-2670.7200000000003,-1221.285,-1213.095,-1178.58,-878.475,-848.445,-1012.83,-829.335,25,65,-950,0
2025-09-01 23:57:48.708250,-3124.0950000000003,-1557.27,-1683.435,-1482.78,-1158.69,-1154.205,-1380.795,-1151.865,26,63,-951,0
2025-09-01 23:57:48.715875,-2890.485,-1375.92,-1421.745,-1327.56,-1008.735,-997.23,-1166.1,-1015.95,25,61,-952,-64
2025-09-01 23:57:48.723500,-1863.03,-705.12,-588.51,-699.075,-473.265,-450.84,-488.28,-383.76,25,61,-952,-64
2025-09-01 23:57:48.731125,192.465,453.96,565.5,416.715,387.855,393.12,582.66,513.63,34,66,-955,0
2025-09-01 23:57:48.738750,1707.03,1109.94,1140.555,1057.68,839.28,826.995,1123.395,923.52,24,62,-957,-128
2025-09-01 23:57:48.754000,3666.975,1614.015,1510.86,1608.555,1147.77,1110.33,1464.645,1243.32,25,62,-954,-64
2025-09-01 23:57:48.765125,3214.185,1237.0800000000002,1138.02,1235.13,879.84,823.2900000000001,1017.51,871.065,26,65,-952,-128
2025-09-01 23:57:48.776250,4091.685,1612.845,1497.21,1617.3300000000002,1138.995,1101.75,1434.03,1222.65,25,61,-952,0
2025-09-01 23:57:48.787375,3657.03,1376.7,1281.93,1374.75,975.0,937.17,1166.88,949.065,28,61,-947,-64
2025-09-01 23:57:48.798500,1668.81,641.94,621.66,635.3100000000001,473.655,436.02,467.025,412.23,28,61,-947,-64
2025-09-01 23:57:48.809625,-1170.39,-544.83,-505.83,-515.385,-390.0,-417.105,-619.515,-501.93,24,70,-955,0
2025-09-01 23:57:48.820750,-2434.38,-1189.11,-1175.265,-1132.365,-871.065,-878.085,-1172.925,-1004.25,22,67,-956,-64
2025-09-01 23:57:48.843000,-3132.2850000000003,-1595.1,-1699.035,-1518.27,-1183.845,-1165.905,-1441.635,-1193.595,24,63,-953,-64
2025-09-01 23:57:48.850500,-2638.155,-1238.25,-1224.6,-1206.075,-899.73,-862.875,-1020.045,-843.1800000000001,22,65,-951,-128
2025-09-01 23:57:48.858000,4152.915,1627.86,1503.645,1618.6950000000002,1141.14,1114.815,1422.525,1218.75,23,63,-950,0
2025-09-01 23:57:48.865500,3716.115,1390.545,1290.12,1386.255,983.19,950.235,1160.25,946.53,20,63,-950,-64
2025-09-01 23:57:48.873000,1719.7050000000002,657.5400000000001,634.725,645.255,479.895,445.185,460.98,409.5,20,63,-950,-64
2025-09-01 23:57:48.880500,-1137.435,-534.495,-486.33,-507.0,-380.835,-401.31,-627.9,-508.56,20,61,-943,-64
2025-09-01 23:57:48.888000,-2416.635,-1180.14,-1162.395,-1124.37,-865.215,-869.115,-1177.605,-1009.32,20,64,-946,-64
2025-09-01 23:57:48.903000,-3116.88,-1583.2050000000002,-1682.0700000000002,-1510.86,-1181.505,-1156.935,-1450.215,-1204.905,24,63,-947,-64
2025-09-01 23:57:48.914250,-2622.945,-1232.01,-1216.41,-1193.985,-898.1700000000001,-856.0500000000001,-1029.99,-849.4200000000001,25,61,-946,-64
2025-09-01 23:57:48.925500,-3090.5550000000003,-1562.145,-1678.17,-1495.845,-1157.52,-1126.515,-1392.885,-1179.165,23,64,-952,0
2025-09-01 23:57:48.936750,-2866.11,-1382.55,-1428.375,-1340.04,-1011.27,-973.245,-1178.97,-1044.615,28,63,-953,-64
2025-09-01 23:57:48.948000,-1837.29,-713.3100000000001,-592.41,-710.19,-474.24,-425.1,-498.615,-414.96,26,65,-952,-64
2025-09-01 23:57:48.959250,222.3,452.985,567.84,411.255,381.03,428.025,581.6850000000001,502.515,26,63,-954,-64
2025-09-01 23:57:48.970500,1756.17,1110.915,1149.72,1059.825,834.6,862.875,1128.27,925.86,26,63,-954,-64
2025-09-01 23:57:48.993000,3756.285,1628.055,1524.9,1617.3300000000002,1153.62,1152.45,1477.905,1242.15,28,61,-952,-64
2025-09-01 23:57:49.004125,3345.42,1253.655,1157.13,1248.39,890.37,869.3100000000001,1035.255,873.99,30,63,-948,0
2025-09-01 23:57:49.015250,-3079.05,-1560.585,-1663.935,-1492.14,-1173.705,-1125.93,-1386.645,-1175.265,26,61,-957,-64
2025-09-01 23:57:49.026375,-2851.875,-1384.5,-1414.14,-1335.165,-1028.235,-973.635,-1175.655,-1047.15,29,65,-957,0
2025-09-01 23:57:49.037500,-1825.59,-713.3100000000001,-582.66,-709.215,-490.815,-430.755,-497.25,-414.765,28,67,-955,0
2025-09-01 23:57:49.048625,229.515,449.67,579.345,406.575,369.33,417.105,582.075,499.005,27,67,-955,-64
2025-09-01 23:57:49.059750,1758.12,1107.015,1153.23,1056.9,826.4100000000001,854.1,1131.195,918.255,27,67,-955,-64
2025-09-01 23:57:49.082000,3763.695,1628.835,1533.09,1615.185,1144.26,1139.775,1478.49,1239.42,29,60,-953,-64
2025-09-01 23:57:49.093500,3367.8450000000003,1255.605,1171.56,1250.145,883.5450000000001,861.705,1044.42,871.455,26,58,-952,-128
2025-09-01 23:57:49.105000,4159.935,1636.8300000000002,1505.2050000000002,1621.23,1136.07,1127.49,1435.005,1224.405,30,67,-953,-64
2025-09-01 23:57:49.116500,3733.86,1408.68,1295.97,1382.355,976.755,961.35,1176.24,952.185,25,65,-941,-128
2025-09-01 23:57:49.128000,1742.715,680.355,641.355,639.6,471.12,458.25,475.215,417.495,23,65,-944,-64
2025-09-01 23:57:49.139500,-1116.57,-510.51,-480.48,-504.66,-381.42,-391.365,-617.1750000000001,-499.59,24,62,-946,0
2025-09-01 23:57:49.151000,-2397.33,-1161.225,-1152.45,-1123.2,-868.335,-861.705,-1165.125,-1001.715,24,62,-946,0
2025-09-01 23:57:49.174000,-3105.375,-1573.65,-1679.925,-1514.76,-1184.625,-1157.325,-1444.365,-1198.86,16,62,-956,-192
2025-09-01 23:57:49.184750,-2613.78,-1222.065,-1216.41,-1202.9550000000002,-903.045,-849.8100000000001,-1028.82,-842.985,24,62,-952,-64
2025-09-01 23:57:49.195500,-3083.925,-1549.0800000000002,-1665.885,-1474.2,-1162.98,-1138.995,-1405.365,-1170.0,24,68,-949,-64
2025-09-01 23:57:49.206250,-2858.31,-1372.41,-1412.775,-1314.105,-1017.705,-986.505,-1194.96,-1041.885,21,64,-945,0
2025-09-01 23:57:49.217000,-1835.34,-700.83,-588.12,-686.4,-481.65,-440.31,-519.285,-409.695,27,64,-952,-64
2025-09-01 23:57:49.227750,220.74,455.13,569.4,427.245,380.445,407.94,554.58,500.955,25,61,-950,-64
2025-09-01 23:57:49.238500,1740.5700000000002,1120.665,1146.015,1081.275,834.405,838.695,1104.48,922.35,25,61,-950,-64
2025-09-01 23:57:49.260000,3733.08,1630.98,1535.625,1640.925,1151.085,1131.975,1455.675,1244.295,28,60,-940,-64
2025-09-01 23:57:49.271625,3336.255,1260.09,1168.05,1277.445,892.125,855.855,1019.07,884.325,26,62,-947,-64
2025-09-01 23:57:49.283250,4149.405,1630.005,1503.84,1642.095,1141.14,1097.655,1422.3300000000002,1208.415,24,61,-958,0
2025-09-01 23:57:49.294875,3734.055,1402.635,1294.605,1408.485,981.825,931.515,1165.905,935.025,24,61,-953,0
2025-09-01 23:57:49.306500,1752.27,671.775,639.405,664.95,480.48,431.73,477.75,406.965,25,62,-946,0
2025-09-01 23:57:49.318125,-1097.46,-515.19,-471.705,-477.165,-369.72,-408.33,-611.52,-496.86,25,62,-947,-64
2025-09-01 23:57:49.329750,-2378.415,-1166.1,-1139.19,-1100.775,-853.71,-873.99,-1159.08,-995.085,25,62,-947,-64
2025-09-01 23:57:49.353000,-3087.24,-1572.87,-1671.345,-1493.115,-1170.195,-1165.125,-1433.445,-1202.76,27,58,-949,-64
2025-09-01 23:57:49.368375,-2605.98,-1231.62,-1216.605,-1183.65,-892.125,-862.6800000000001,-1026.285,-844.9350000000001,23,63,-944,-64
2025-09-01 23:57:49.383750,-3057.99,-1562.925,-1657.6950000000002,-1485.9,-1160.835,-1132.95,-1390.35,-1176.045,25,60,-948,-64
2025-09-01 23:57:49.399125,-2837.835,-1386.06,-1412.385,-1334.775,-1019.46,-980.85,-1186.575,-1047.345,25,60,-948,-64
2025-09-01 23:57:49.414500,-1825.005,-725.985,-597.48,-706.095,-491.595,-440.115,-516.165,-429.0,26,58,-950,-64
2025-09-01 23:57:49.429875,221.325,436.41,559.65,402.87,360.555,397.41,552.63,475.02,24,60,-953,0
2025-09-01 23:57:49.445250,1747.785,1094.145,1141.14,1053.195,821.5350000000001,833.235,1106.235,894.855,25,61,-952,-64
2025-09-01 23:57:49.476000,3754.92,1621.62,1528.8,1618.6950000000002,1144.65,1126.125,1457.82,1223.43,25,61,-952,-64
2025-09-01 23:57:49.487000,3389.295,1261.65,1167.075,1263.405,888.615,849.4200000000001,1028.82,873.015,31,70,-946,-128
2025-09-01 23:57:49.498000,-3058.77,-1550.4450000000002,-1657.89,-1488.63,-1161.81,-1132.365,-1391.91,-1166.88,24,62,-945,0
2025-09-01 23:57:49.509000,-2842.515,-1378.26,-1413.555,-1338.09,-1016.535,-982.8,-1190.475,-1040.325,24,62,-945,0
2025-09-01 23:57:49.520000,-1826.565,-716.0400000000001,-602.745,-714.6750000000001,-489.45,-448.89,-516.165,-419.055,25,62,-944,-128
2025-09-01 23:57:49.531000,225.225,441.87,553.02,400.14,369.915,397.8,554.97,489.45,26,61,-947,0
2025-09-01 23:57:49.542000,1747.98,1111.695,1135.29,1052.415,824.85,833.235,1107.795,908.31,24,63,-948,0
2025-09-01 23:57:49.564000,3761.355,1636.8300000000002,1523.73,1620.06,1157.13,1126.71,1469.13,1238.64,24,63,-948,0
2025-09-01 23:57:49.574750,3411.135,1274.52,1167.66,1269.45,899.145,858.585,1043.055,888.4200000000001,29,61,-947,-64
2025-09-01 23:57:49.585500,-3151.98,-1605.24,-1725.165,-1533.48,-1216.02,-1191.84,-1437.15,-1209.78,26,63,-951,-64
2025-09-01 23:57:49.596250,-2933.19,-1434.03,-1478.49,-1384.5,-1074.255,-1044.03,-1240.785,-1084.395,26,63,-951,-64
2025-09-01 23:57:49.607000,-1904.37,-765.1800000000001,-639.405,-756.405,-535.86,-493.35,-558.285,-455.13,32,61,-941,0
2025-09-01 23:57:49.617750,178.035,434.265,551.46,390.78,353.34000000000003,382.59,555.165,487.11,29,63,-943,0
2025-09-01 23:57:49.628500,1753.44,1128.465,1161.42,1077.18,829.335,843.765,1135.875,940.875,28,57,-947,-64
2025-09-01 23:57:49.650000,3903.12,1695.135,1580.28,1694.55,1188.33,1163.37,1523.73,1295.385,25,60,-952,-64
2025-09-01 23:57:49.661625,3654.69,1339.845,1227.3300000000002,1342.38,935.61,892.9050000000001,1097.265,941.265,25,61,-950,-64
2025-09-01 23:57:49.673250,-3236.025,-1613.8200000000002,-1786.785,-1552.2,-1234.155,-1209.975,-1456.65,-1234.35,29,65,-945,-64
2025-09-01 23:57:49.684875,-3010.8,-1441.245,-1536.795,-1399.905,-1088.1,-1052.61,-1245.66,-1092.195,29,65,-945,-64
2025-09-01 23:57:49.696500,-1962.87,-758.1600000000001,-671.775,-753.87,-531.96,-484.77,-551.85,-448.305,34,63,-944,0
2025-09-01 23:57:49.708125,155.805,457.47,555.945,422.565,379.275,419.25,591.0450000000001,530.79,27,63,-947,-64
2025-09-01 23:57:49.719750,1753.05,1166.49,1177.995,1117.74,865.8000000000001,883.9350000000001,1182.87,988.26,27,70,-947,-64
2025-09-01 23:57:49.743000,3967.275,1742.325,1598.61,1746.8100000000002,1227.525,1208.415,1583.01,1344.135,27,68,-948,-64
2025-09-01 23:57:49.750375,3720.405,1378.4550000000002,1238.055,1391.325,967.785,928.2,1143.285,979.095,24,63,-951,-64
2025-09-01 23:57:49.757750,4434.495,1774.5,1598.805,1780.35,1246.8300000000002,1212.9,1558.05,1325.61,23,62,-954,-64
2025-09-01 23:57:49.765125,4070.04,1544.4,1391.715,1550.4450000000002,1091.22,1050.855,1290.7050000000002,1055.34,23,62,-954,-64
2025-09-01 23:57:49.772500,1995.24,784.6800000000001,721.3050000000001,766.9350000000001,567.45,529.62,572.52,487.11,21,66,-949,-64
2025-09-01 23:57:49.779875,-1086.54,-456.885,-453.375,-443.43,-328.38,-359.385,-576.8100000000001,-476.775,24,61,-950,-64
2025-09-01 23:57:49.787250,-2521.35,-1149.33,-1165.125,-1104.285,-849.8100000000001,-858.78,-1169.415,-1012.44,25,63,-961,-64
2025-09-01 23:57:49.802000,-3279.9,-1602.9,-1756.5600000000002,-1534.26,-1209.0,-1195.935,-1480.05,-1255.605,26,62,-953,0
2025-09-01 23:57:49.813250,-2805.27,-1268.865,-1309.815,-1231.815,-936.585,-892.125,-1075.62,-891.9300000000001,25,64,-949,-64
2025-09-01 23:57:49.824500,-3279.705,-1594.125,-1755.0,-1536.6,-1191.645,-1164.345,-1426.035,-1200.615,29,62,-952,-64
2025-09-01 23:57:49.835750,-3067.35,-1420.575,-1507.545,-1388.4,-1049.88,-1014.975,-1214.655,-1072.695,25,62,-950,-128
2025-09-01 23:57:49.847000,-2033.85,-749.775,-651.885,-756.7950000000001,-502.515,-453.765,-525.135,-434.07,25,62,-950,-128
2025-09-01 23:57:49.858250,57.525,458.445,563.5500000000001,405.99,398.19,442.26,602.94,528.84,21,65,-941,-64
2025-09-01 23:57:49.869500,1629.03,1158.495,1181.115,1098.63,885.495,906.555,1189.5,980.265,20,62,-943,0
2025-09-01 23:57:49.892000,3799.77,1740.375,1610.7,1725.165,1243.32,1233.57,1591.785,1348.035,22,62,-944,-64
2025-09-01 23:57:49.899625,3588.0,1387.62,1263.21,1379.235,995.28,962.13,1161.615,989.04,23,64,-949,-64
2025-09-01 23:57:49.907250,-3239.5350000000003,-1573.65,-1684.02,-1517.1,-1178.19,-1155.765,-1408.485,-1196.13,27,67,-950,-64
2025-09-01 23:57:49.914875,-3033.03,-1409.85,-1448.265,-1376.895,-1038.57,-1006.59,-1213.875,-1073.67,25,66,-952,-64
2025-09-01 23:57:49.922500,-2016.3,-745.6800000000001,-619.125,-749.385,-499.2000000000001,-453.375,-532.155,-436.41,25,66,-952,-64
2025-09-01 23:57:49.930125,46.995000000000005,443.04,578.76,388.44,387.075,423.93,579.15,506.805,27,70,-962,0
2025-09-01 23:57:49.937750,1603.485,1143.09,1187.94,1070.745,865.8000000000001,880.62,1158.3,957.84,23,69,-945,-64
2025-09-01 23:57:49.953000,3714.75,1708.98,1612.845,1686.9450000000002,1220.505,1202.565,1554.345,1314.3,25,64,-948,-64
2025-09-01 23:57:49.964375,3516.24,1364.61,1276.47,1364.025,969.735,943.8,1134.9,975.39,26,60,-945,-64
2025-09-01 23:57:49.975750,4060.095,1679.34,1568.385,1680.315,1170.39,1149.72,1478.88,1259.7,32,64,-948,-64
2025-09-01 23:57:49.987125,3715.53,1460.16,1361.1,1456.845,1018.68,989.82,1227.135,994.5,31,62,-948,0
2025-09-01 23:57:49.998500,1761.045,738.855,717.99,720.525,521.4300000000001,492.96,534.495,464.1,31,62,-948,0
2025-09-01 23:57:50.009875,-1117.74,-459.81,-408.72,-436.8,-339.495,-361.14,-564.33,-462.15,38,62,-949,0
2025-09-01 23:57:50.021250,-2438.085,-1120.47,-1085.955,-1071.915,-831.6750000000001,-833.625,-1136.46,-977.34,33,62,-943,0
2025-09-01 23:57:50.044000,-3184.935,-1552.98,-1630.2,-1482.585,-1172.145,-1146.6,-1426.23,-1190.67,31,62,-945,-64
2025-09-01 23:57:50.058875,-2733.315,-1225.185,-1200.42,-1191.645,-897.975,-863.265,-1035.06,-844.9350000000001,31,62,-947,-64
2025-09-01 23:57:50.073750,4033.77,1649.505,1553.175,1651.065,1154.985,1135.68,1455.48,1233.18,29,61,-948,0
2025-09-01 23:57:50.088625,3667.56,1427.985,1348.23,1424.28,1005.03,975.585,1201.395,971.88,30,67,-951,-64
2025-09-01 23:57:50.103500,1731.21,711.5550000000001,704.9250000000001,696.5400000000001,501.54,480.48,510.51,442.065,26,61,-951,-64
2025-09-01 23:57:50.118375,-1111.11,-476.97,-410.085,-451.62,-347.88,-367.38,-574.665,-481.455,26,61,-950,0
2025-09-01 23:57:50.133250,-2410.2000000000003,-1133.925,-1080.105,-1078.935,-837.135,-839.475,-1138.41,-992.16,26,61,-950,0
2025-09-01 23:57:50.163000,-3156.6600000000003,-1557.66,-1607.19,-1492.53,-1171.755,-1146.6,-1432.47,-1203.54,28,65,-948,-64
2025-09-01 23:57:50.170875,-2705.4300000000003,-1233.18,-1191.06,-1195.155,-900.51,-859.365,-1035.84,-858.195,26,64,-949,-64
2025-09-01 23:57:50.178750,-3117.6600000000003,-1542.84,-1638.585,-1491.9450000000002,-1148.55,-1130.025,-1378.845,-1165.32,31,62,-946,-64
2025-09-01 23:57:50.186625,-2910.96,-1377.675,-1408.29,-1349.985,-1010.49,-983.97,-1181.505,-1047.345,39,66,-952,-64
2025-09-01 23:57:50.194500,-1914.9,-727.5450000000001,-606.84,-736.32,-488.28,-451.23,-512.85,-424.125,32,65,-953,-128
2025-09-01 23:57:50.202375,93.795,419.25,542.1,363.87,361.53,388.245,557.115,479.31,27,65,-952,-64
2025-09-01 23:57:50.210250,1598.025,1082.055,1127.1,1012.05,817.83,824.265,1108.38,906.36,27,65,-952,-64
2025-09-01 23:57:50.226000,3556.8,1618.5,1526.46,1579.5,1154.79,1128.465,1478.1,1237.86,33,68,-956,-64
2025-09-01 23:57:50.236875,3266.0550000000003,1275.69,1178.58,1249.755,907.725,863.46,1056.705,889.005,29,69,-952,-128
2025-09-01 23:57:50.247750,3986.19,1618.5,1502.67,1606.8,1157.325,1112.865,1428.57,1202.175,23,53,-955,-128
2025-09-01 23:57:50.258625,3632.07,1399.905,1302.795,1384.5,1010.88,953.355,1178.58,943.02,23,60,-951,-64
2025-09-01 23:57:50.269500,1728.09,689.91,662.025,665.34,522.015,467.805,494.52,413.985,26,62,-951,-128
2025-09-01 23:57:50.280375,-1056.12,-478.14,-444.99,-465.66,-325.065,-366.99,-577.005,-484.38,27,62,-949,0
2025-09-01 23:57:50.291250,-2341.17,-1131.585,-1121.25,-1085.955,-811.98,-835.38,-1136.07,-996.06,27,62,-949,0
2025-09-01 23:57:50.313000,-3090.75,-1566.24,-1661.2050000000002,-1499.55,-1142.7,-1145.625,-1429.35,-1216.02,31,65,-953,-64
2025-09-01 23:57:50.324125,-2653.365,-1246.8300000000002,-1240.59,-1212.7050000000002,-879.0600000000001,-860.34,-1040.13,-882.57,30,65,-954,0
2025-09-01 23:57:50.335250,-3044.5350000000003,-1556.295,-1653.99,-1485.51,-1144.26,-1127.1,-1391.52,-1157.52,23,64,-955,-64
2025-09-01 23:57:50.346375,-2847.78,-1392.69,-1420.77,-1347.06,-1016.925,-988.845,-1197.105,-1036.23,21,61,-950,0
2025-09-01 23:57:50.357500,-1864.98,-751.53,-634.53,-744.705,-499.785,-463.71,-537.4200000000001,-427.05,21,59,-952,-64
2025-09-01 23:57:50.368625,124.995,386.1,512.07,341.64,345.735,364.65,515.97,467.61,23,60,-950,-64
2025-09-01 23:57:50.379750,1619.085,1048.125,1097.265,983.58,799.695,799.89,1072.5,891.15,23,60,-950,-64
2025-09-01 23:57:50.402000,3571.425,1595.49,1498.38,1558.245,1137.63,1105.65,1443.78,1230.84,22,58,-948,-64
2025-09-01 23:57:50.413250,3316.17,1266.3300000000002,1165.71,1239.81,898.365,849.4200000000001,1040.52,902.655,22,58,-951,-64
2025-09-01 23:57:50.424500,-3034.98,-1552.98,-1659.255,-1498.185,-1155.375,-1138.215,-1399.515,-1161.03,24,66,-943,0
2025-09-01 23:57:50.435750,-2835.495,-1396.98,-1440.075,-1362.465,-1026.09,-999.18,-1202.175,-1035.06,23,62,-955,-64
2025-09-01 23:57:50.447000,-1863.81,-757.77,-648.375,-759.135,-513.63,-474.63,-549.9,-435.045,24,65,-950,-128
2025-09-01 23:57:50.458250,128.31,380.64,503.88,331.11,323.7,359.58,507.0,467.415,25,63,-948,-64
2025-09-01 23:57:50.469500,1620.255,1042.08,1086.54,975.195,780.0,792.48,1055.34,889.7850000000001,25,63,-948,-64
2025-09-01 23:57:50.492000,3573.375,1584.765,1496.04,1552.005,1120.47,1102.53,1436.565,1235.13,28,59,-949,-64
2025-09-01 23:57:50.507000,3322.02,1258.14,1167.66,1242.345,888.615,844.74,1029.405,899.73,26,61,-946,-64
2025-09-01 23:57:50.522000,4022.85,1593.15,1477.515,1590.42,1119.885,1097.46,1420.185,1195.35,29,60,-954,-64
2025-09-01 23:57:50.537000,3693.495,1384.695,1279.005,1378.4550000000002,977.34,942.63,1179.945,939.705,29,60,-954,-64
2025-09-01 23:57:50.552000,1816.035,687.96,652.47,678.7950000000001,496.47,464.49,507.195,425.1,27,60,-952,-64
2025-09-01 23:57:50.567000,-952.77,-477.36,-439.725,-440.895,-332.865,-361.335,-562.965,-471.9,28,60,-950,-64
2025-09-01 23:57:50.582000,-2241.135,-1132.17,-1115.01,-1065.675,-822.12,-829.14,-1127.685,-978.9,28,60,-950,0
2025-09-01 23:57:50.612000,-3009.8250000000003,-1566.63,-1670.175,-1485.9,-1165.125,-1146.21,-1431.3,-1205.88,27,63,-934,0
2025-09-01 23:57:50.619875,-2596.62,-1263.6,-1272.57,-1216.8,-917.865,-872.0400000000001,-1053.975,-882.765,32,63,-950,0
2025-09-01 23:57:50.627750,4039.815,1611.09,1495.26,1589.055,1129.44,1096.29,1398.93,1183.455,26,64,-954,0
2025-09-01 23:57:50.635625,3739.32,1411.41,1300.26,1387.815,984.165,942.825,1162.98,926.64,26,64,-954,0
2025-09-01 23:57:50.643500,1869.27,722.6700000000001,674.895,685.4250000000001,507.585,468.39,503.1,417.885,20,64,-951,-64
2025-09-01 23:57:50.651375,-911.43,-446.55,-418.08,-437.97,-322.14,-357.63,-560.04,-469.365,23,62,-949,-64
2025-09-01 23:57:50.659250,-2210.91,-1104.675,-1081.665,-1058.07,-814.71,-826.995,-1124.76,-978.51,25,62,-949,-64
2025-09-01 23:57:50.675000,-2992.08,-1547.715,-1639.56,-1483.17,-1161.225,-1152.255,-1435.59,-1201.785,25,62,-949,-64
2025-09-01 23:57:50.686000,-2589.21,-1249.17,-1250.535,-1221.09,-916.305,-887.445,-1062.75,-885.69,30,62,-941,0
2025-09-01 23:57:50.697000,4041.765,1619.475,1495.065,1596.855,1124.955,1083.615,1402.8300000000002,1191.255,29,65,-947,-64
2025-09-01 23:57:50.708000,3752.19,1413.555,1303.965,1398.735,985.335,936.0,1167.075,941.655,29,65,-947,-64
2025-09-01 23:57:50.719000,1885.455,726.375,686.4,701.8050000000001,511.875,461.565,503.88,431.535,27,62,-940,-64
2025-09-01 23:57:50.730000,-894.6600000000001,-436.41,-406.965,-423.345,-316.095,-365.04,-558.48,-456.105,29,62,-943,-64
2025-09-01 23:57:50.741000,-2194.335,-1093.56,-1069.38,-1046.565,-802.0350000000001,-834.99,-1120.08,-968.37,26,60,-942,-64
2025-09-01 23:57:50.763000,-2977.455,-1540.11,-1622.595,-1478.88,-1151.67,-1152.45,-1439.295,-1205.685,26,60,-942,-64
2025-09-01 23:57:50.770750,-2577.51,-1249.17,-1236.3,-1219.335,-910.65,-893.2950000000001,-1068.795,-885.885,27,53,-949,0
2025-09-01 23:57:50.778500,-2965.9500000000003,-1546.155,-1625.325,-1489.995,-1164.54,-1143.675,-1389.765,-1162.59,24,64,-946,-64
2025-09-01 23:57:50.786250,-2788.5,-1397.37,-1422.72,-1359.93,-1040.715,-1004.835,-1206.855,-1051.05,24,64,-946,-64
2025-09-01 23:57:50.794000,-1835.73,-769.08,-646.23,-768.885,-535.275,-498.81,-561.21,-448.695,25,63,-934,-128
2025-09-01 23:57:50.801750,138.645,359.19,484.185,303.615,299.91,328.575,481.845,440.31,28,61,-938,-64
2025-09-01 23:57:50.809500,1625.52,1023.555,1073.475,954.72,761.085,762.84,1037.4,872.235,27,63,-945,-64
2025-09-01 23:57:50.825000,3608.67,1586.91,1496.625,1552.005,1115.205,1088.49,1434.81,1227.3300000000002,29,63,-945,-128
2025-09-01 23:57:50.836125,3477.045,1285.8300000000002,1185.405,1265.55,894.6600000000001,846.885,1059.045,910.26,29,62,-940,-64
2025-09-01 23:57:50.847250,-2955.225,-1545.96,-1631.175,-1485.315,-1152.45,-1141.92,-1387.425,-1162.005,28,61,-951,-64
2025-09-01 23:57:50.858375,-2784.6,-1396.785,-1421.94,-1356.225,-1031.745,-1011.075,-1201.395,-1053.78,28,61,-951,-64
2025-09-01 23:57:50.869500,-1837.875,-778.245,-658.905,-775.125,-534.885,-498.615,-564.525,-465.66,30,66,-958,0
2025-09-01 23:57:50.880625,131.43,346.71000000000004,481.065,296.985,303.615,318.24,485.94,423.15,26,68,-952,-64
2025-09-01 23:57:50.891750,1620.255,1012.44,1073.865,948.87,753.87,757.1850000000001,1049.49,847.86,30,64,-954,-64
2025-09-01 23:57:50.914000,3608.865,1578.525,1497.99,1545.96,1111.305,1083.03,1442.61,1209.0,28,64,-955,-64
2025-09-01 23:57:50.921750,3490.5,1277.835,1194.96,1264.185,894.6600000000001,848.25,1063.92,895.83,27,61,-951,-64
2025-09-01 23:57:50.929500,4045.665,1610.895,1488.045,1581.06,1116.375,1081.665,1430.715,1188.72,21,64,-946,-128
2025-09-01 23:57:50.937250,3792.945,1411.215,1302.6,1393.275,982.215,939.315,1201.005,943.605,21,64,-946,-128
2025-09-01 23:57:50.945000,1953.12,734.955,692.0550000000001,701.025,520.455,473.46,547.365,444.99,20,69,-940,0
2025-09-01 23:57:50.952750,-830.895,-415.545,-390.975,-412.035,-306.54,-346.125,-519.285,-438.945,28,66,-948,-64
2025-09-01 23:57:50.960500,-2142.855,-1074.84,-1059.24,-1041.885,-797.745,-819.975,-1083.615,-957.45,30,66,-955,-64
2025-09-01 23:57:50.976000,-2952.69,-1536.21,-1625.52,-1481.025,-1151.475,-1148.745,-1408.68,-1201.59,25,63,-951,0
2025-09-01 23:57:50.987125,-2574.78,-1253.85,-1255.215,-1231.23,-920.4,-899.9250000000001,-1056.315,-893.49,26,62,-953,-64
2025-09-01 23:57:50.998250,-2962.83,-1547.52,-1662.5700000000002,-1487.46,-1155.375,-1143.48,-1394.055,-1168.44,26,63,-941,0
2025-09-01 23:57:51.009375,-2795.715,-1407.12,-1462.305,-1360.125,-1037.79,-1022.19,-1217.5800000000002,-1060.41,26,63,-941,0
2025-09-01 23:57:51.020500,-1854.84,-799.5,-699.465,-782.5350000000001,-541.71,-516.36,-577.59,-469.95,26,63,-941,-64
2025-09-01 23:57:51.031625,107.25,326.235,430.95,283.53000000000003,290.745,307.71000000000004,461.37,413.205,26,64,-947,-64
2025-09-01 23:57:51.042750,1591.2,992.55,1029.015,932.88,747.24,752.3100000000001,1025.31,840.84,26,69,-953,-64
2025-09-01 23:57:51.065000,3588.195,1565.655,1463.67,1537.965,1117.935,1082.055,1428.96,1212.315,25,68,-948,-64
2025-09-01 23:57:51.075875,3523.8450000000003,1280.76,1172.145,1277.445,906.165,851.76,1061.19,905.97,24,65,-951,-64
2025-09-01 23:57:51.086750,4051.125,1605.825,1473.225,1581.255,1130.805,1089.465,1421.94,1213.485,29,64,-951,-64
2025-09-01 23:57:51.097625,3826.875,1424.475,1297.92,1395.03,1000.35,951.6,1198.47,974.025,25,63,-952,0
2025-09-01 23:57:51.108500,1998.165,751.14,696.15,714.6750000000001,541.32,488.67,554.97,476.19,25,63,-952,0
2025-09-01 23:57:51.119375,-792.87,-401.7,-387.855,-401.115,-288.015,-328.38,-506.805,-406.38,31,63,-962,0
2025-09-01 23:57:51.130250,-2120.04,-1071.72,-1055.73,-1029.405,-777.27,-805.74,-1084.2,-932.1,35,66,-959,0
2025-09-01 23:57:51.152000,-2940.795,-1538.745,-1624.935,-1485.315,-1141.92,-1141.53,-1414.92,-1176.63,29,63,-955,-64
2025-09-01 23:57:51.163375,-2584.53,-1267.5,-1277.25,-1242.93,-922.545,-901.095,-1070.94,-884.13,28,66,-952,-64
2025-09-01 23:57:51.174750,4035.135,1603.68,1469.715,1586.715,1121.25,1095.9,1424.475,1199.445,27,61,-950,-128
2025-09-01 23:57:51.186125,3824.34,1419.6,1292.46,1406.73,991.185,962.13,1204.515,957.84,26,63,-947,-64
2025-09-01 23:57:51.197500,1997.775,747.24,695.1750000000001,730.275,532.9350000000001,498.615,563.94,466.44,26,63,-947,-64
2025-09-01 23:57:51.208875,-786.24,-409.305,-385.32,-376.155,-296.595,-318.825,-501.345,-430.95,32,63,-943,-64
2025-09-01 23:57:51.220250,-2117.31,-1071.33,-1058.265,-1012.44,-786.4350000000001,-795.405,-1074.645,-949.455,29,60,-950,0
2025-09-01 23:57:51.243000,-2945.67,-1541.085,-1635.27,-1465.23,-1147.965,-1133.925,-1407.9,-1196.13,27,57,-952,0
2025-09-01 23:57:51.250500,-2594.085,-1277.64,-1288.755,-1231.62,-933.465,-890.76,-1071.33,-899.5350000000001,27,59,-947,0
2025-09-01 23:57:51.258000,-2963.61,-1542.645,-1647.555,-1475.565,-1148.55,-1126.32,-1388.2050000000002,-1167.465,22,63,-954,0
2025-09-01 23:57:51.265500,-2806.635,-1402.245,-1454.895,-1359.735,-1038.765,-1005.225,-1213.68,-1073.475,19,65,-951,0
2025-09-01 23:57:51.273000,-1887.405,-788.97,-700.44,-790.14,-548.73,-506.415,-585.78,-494.52,19,65,-951,0
2025-09-01 23:57:51.280500,55.575,320.58,428.415,269.685,276.90000000000003,311.02500000000003,456.495,390.975,20,69,-958,-64
2025-09-01 23:57:51.288000,1530.165,992.55,1025.115,920.01,739.635,756.015,1022.97,826.4100000000001,26,75,-955,-64
2025-09-01 23:57:51.303000,3526.77,1582.23,1477.125,1528.995,1113.45,1093.755,1436.9550000000002,1199.25,24,73,-954,-64
2025-09-01 23:57:51.314250,3526.965,1311.375,1193.985,1285.8300000000002,911.82,877.5,1087.905,911.43,24,71,-947,-64
2025-09-01 23:57:51.325500,-2956.005,-1551.81,-1658.475,-1483.365,-1159.08,-1128.66,-1387.23,-1164.15,24,63,-946,-64
2025-09-01 23:57:51.336750,-2804.1,-1413.75,-1466.2050000000002,-1368.9,-1049.1,-1011.465,-1216.995,-1067.625,20,62,-947,0
2025-09-01 23:57:51.348000,-1888.575,-817.44,-715.455,-806.13,-565.695,-513.825,-592.41,-487.305,20,62,-947,0
2025-09-01 23:57:51.359250,50.31,303.42,421.59,259.35,261.885,302.83500000000004,450.45,395.265,18,66,-947,-128
2025-09-01 23:57:51.370500,1528.41,975.195,1018.875,914.55,726.57,753.2850000000001,1021.8,829.335,23,66,-947,-128
2025-09-01 23:57:51.393000,3526.77,1562.145,1475.9550000000002,1531.53,1100.58,1095.9,1444.365,1204.905,26,65,-946,0
2025-09-01 23:57:51.400625,3572.4,1306.305,1198.665,1290.51,910.845,882.96,1097.46,920.985,27,64,-948,0
2025-09-01 23:57:51.408250,4045.47,1596.855,1489.41,1588.86,1098.045,1105.065,1426.62,1206.27,22,63,-955,0
2025-09-01 23:57:51.415875,3878.55,1420.965,1320.93,1413.555,971.49,972.465,1212.7050000000002,972.27,29,66,-955,-64
2025-09-01 23:57:51.423500,2073.8250000000003,767.52,731.64,747.24,522.7950000000001,515.385,574.665,489.255,32,65,-952,0
2025-09-01 23:57:51.431125,-725.7900000000001,-385.71,-340.47,-364.845,-293.08500000000004,-292.5,-479.115,-387.075,30,61,-950,-64
2025-09-01 23:57:51.438750,-2072.655,-1051.245,-1013.22,-997.62,-786.63,-777.075,-1058.46,-914.16,30,61,-950,-64
2025-09-01 23:57:51.454000,-2939.625,-1541.085,-1602.51,-1467.5700000000002,-1165.125,-1127.1,-1412.775,-1178.775,29,63,-949,-64
2025-09-01 23:57:51.465125,-2617.875,-1287.585,-1285.05,-1252.68,-959.79,-900.315,-1081.665,-900.9,27,61,-950,-64
2025-09-01 23:57:51.476250,4008.42,1613.04,1488.435,1613.04,1101.36,1089.27,1423.305,1215.63,22,65,-953,-64
2025-09-01 23:57:51.487375,3853.395,1434.615,1321.905,1447.485,982.215,958.035,1207.05,987.675,28,63,-941,-64
2025-09-01 23:57:51.498500,2067.39,779.025,741.0,777.855,530.595,511.485,571.35,499.98,25,64,-946,-64
2025-09-01 23:57:51.509625,-724.23,-368.745,-337.935,-334.425,-286.845,-304.39500000000004,-478.53,-381.615,24,60,-951,-128
2025-09-01 23:57:51.520750,-2075.775,-1044.03,-1010.295,-973.44,-782.5350000000001,-788.58,-1062.36,-904.995,24,60,-951,-128
2025-09-01 23:57:51.543000,-2942.745,-1538.16,-1588.47,-1447.29,-1154.205,-1139.385,-1419.015,-1181.7,28,65,-940,0
2025-09-01 23:57:51.553875,-2619.63,-1284.075,-1278.615,-1231.815,-959.01,-918.84,-1094.145,-897.975,27,61,-950,0
2025-09-01 23:57:51.564750,-2968.0950000000003,-1536.21,-1646.97,-1473.03,-1153.23,-1134.51,-1398.15,-1163.955,19,67,-939,-64
2025-09-01 23:57:51.575625,-2826.525,-1410.825,-1471.275,-1369.29,-1050.075,-1021.02,-1233.375,-1074.06,29,67,-943,-64
2025-09-01 23:57:51.586500,-1927.38,-824.265,-734.76,-815.88,-575.0550000000001,-532.9350000000001,-615.03,-499.395,25,66,-945,-128
2025-09-01 23:57:51.597375,-0.975,287.43,395.655,238.485,252.915,283.725,413.205,378.69,29,65,-942,0
2025-09-01 23:57:51.608250,1468.74,957.06,1000.545,893.6850000000001,721.11,733.395,989.625,817.0500000000001,29,65,-942,0
2025-09-01 23:57:51.630000,3483.8700000000003,1561.56,1466.2050000000002,1528.02,1108.965,1089.66,1430.715,1215.24,30,67,-949,-64
2025-09-01 23:57:51.642000,3618.03,1323.075,1207.8300000000002,1313.91,928.2,886.86,1097.85,939.705,28,63,-950,-64
2025-09-01 23:57:51.654000,3999.45,1607.97,1478.1,1590.225,1119.495,1089.27,1425.255,1205.88,34,65,-944,0
2025-09-01 23:57:51.666000,3883.62,1447.095,1313.715,1430.52,1006.2,962.715,1218.555,982.215,31,57,-937,-64
2025-09-01 23:57:51.678000,2126.28,795.7950000000001,738.075,769.47,556.9200000000001,519.285,595.9200000000001,509.145,28,61,-944,-64
2025-09-01 23:57:51.690000,-677.235,-346.32,-333.84000000000003,-340.665,-263.25,-288.015,-461.175,-370.11,24,58,-949,-128
2025-09-01 23:57:51.702000,-2040.675,-1019.655,-1010.49,-979.485,-760.11,-772.98,-1045.005,-900.51,24,58,-949,-128
2025-09-01 23:57:51.726000,-2936.31,-1522.95,-1618.11,-1448.265,-1148.355,-1130.805,-1415.115,-1182.09,20,63,-952,0
2025-09-01 23:57:51.740500,-2636.01,-1292.265,-1323.855,-1253.265,-957.645,-920.595,-1097.85,-908.31,30,60,-959,0
2025-09-01 23:57:51.755000,-2982.915,-1542.255,-1672.125,-1460.745,-1142.7,-1130.025,-1396.395,-1168.83,30,65,-951,-128
2025-09-01 23:57:51.769500,-2852.07,-1421.355,-1508.91,-1361.295,-1049.49,-1021.02,-1235.52,-1084.785,30,65,-951,-128
2025-09-01 23:57:51.784000,-1966.575,-843.96,-774.9300000000001,-818.22,-585.39,-542.88,-628.2900000000001,-513.825,28,65,-950,0
2025-09-01 23:57:51.798500,-61.425,260.325,364.455,238.485,233.025,272.22,403.26,366.21,27,63,-952,-64
2025-09-01 23:57:51.813000,1404.78,937.755,971.49,896.8050000000001,705.705,727.35,985.14,809.25,27,63,-952,-64
2025-09-01 23:57:51.842000,3422.835,1557.855,1452.75,1545.765,1102.92,1099.605,1428.375,1206.27,27,64,-951,-64
2025-09-01 23:57:51.849500,3623.1,1334.19,1202.37,1348.23,937.56,906.165,1115.4,947.895,32,66,-953,0
2025-09-01 23:57:51.857000,-2982.7200000000003,-1555.71,-1659.06,-1471.275,-1151.475,-1116.57,-1404.39,-1165.71,24,68,-949,0
2025-09-01 23:57:51.864500,-2857.14,-1435.395,-1493.505,-1374.36,-1058.265,-1012.05,-1250.73,-1084.2,25,68,-946,0
2025-09-01 23:57:51.872000,-1975.935,-862.485,-759.72,-833.0400000000001,-587.34,-530.985,-639.015,-517.53,25,65,-949,-64
2025-09-01 23:57:51.879500,-76.245,244.725,370.89,221.13,232.44,281.385,393.9,364.26,25,63,-948,-64
2025-09-01 23:57:51.887000,1386.45,920.4,981.435,878.6700000000001,708.4350000000001,733.2,973.44,810.8100000000001,26,67,-942,0
2025-09-01 23:57:51.902000,3409.965,1546.74,1463.28,1534.065,1112.475,1100.97,1429.545,1213.485,26,67,-942,0
2025-09-01 23:57:51.913250,3628.56,1333.8,1223.43,1344.3300000000002,950.82,916.89,1115.4,956.28,39,65,-941,0
2025-09-01 23:57:51.924500,3982.485,1614.015,1480.8300000000002,1584.96,1134.705,1115.205,1441.8300000000002,1225.77,22,64,-946,-64
2025-09-01 23:57:51.935750,3926.715,1452.75,1331.46,1437.345,1026.675,996.45,1246.245,1007.175,22,64,-946,-64
2025-09-01 23:57:51.947000,2193.5550000000003,824.07,763.62,792.6750000000001,596.7,564.33,632.19,535.665,20,63,-948,0
2025-09-01 23:57:51.958250,-626.34,-319.21500000000003,-298.35,-318.63,-219.57,-247.845,-418.275,-337.15500000000003,23,63,-949,-64
2025-09-01 23:57:51.969500,-2010.45,-996.45,-977.73,-962.52,-718.38,-731.0550000000001,-1011.66,-873.7950000000001,27,65,-949,-64
2025-09-01 23:57:51.992000,-2933.19,-1518.075,-1603.485,-1452.75,-1122.615,-1109.16,-1397.565,-1171.17,27,65,-949,-64
2025-09-01 23:57:51.999750,-2664.87,-1305.915,-1328.73,-1271.79,-951.99,-914.94,-1104.09,-922.35,25,70,-944,-64
2025-09-01 23:57:52.007500,-2985.06,-1549.86,-1640.34,-1485.315,-1135.095,-1127.49,-1395.615,-1152.645,33,63,-949,-64
2025-09-01 23:57:52.015250,-2871.375,-1435.98,-1484.34,-1390.74,-1045.98,-1025.895,-1243.125,-1067.625,33,63,-949,-64
2025-09-01 23:57:52.023000,-2008.695,-867.5550000000001,-771.225,-863.46,-589.485,-555.5550000000001,-649.5450000000001,-520.065,32,66,-952,-64
2025-09-01 23:57:52.030750,-115.44,235.365,359.58,181.74,234.975,257.79,379.47,359.58,31,65,-949,-64
2025-09-01 23:57:52.038500,1346.28,916.305,970.71,845.13,706.485,717.7950000000001,969.54,811.59,29,63,-946,-64
2025-09-01 23:57:52.054000,3392.025,1546.35,1474.395,1505.4,1115.4,1091.025,1438.71,1225.965,29,63,-946,-64
2025-09-01 23:57:52.065125,3689.985,1353.495,1242.735,1333.605,961.35,914.16,1140.555,977.535,31,60,-966,0
2025-09-01 23:57:52.076250,-2990.715,-1540.11,-1642.485,-1486.29,-1143.675,-1139.58,-1396.005,-1170.0,29,63,-948,0
2025-09-01 23:57:52.087375,-2882.1,-1429.35,-1492.725,-1396.005,-1064.115,-1043.64,-1248.0,-1088.295,29,63,-948,0
2025-09-01 23:57:52.098500,-2019.615,-861.315,-778.635,-867.5550000000001,-600.6,-572.91,-654.615,-532.35,32,72,-954,-64
2025-09-01 23:57:52.109625,-132.99,239.07,353.73,182.13,215.475,230.295,372.84,339.495,30,66,-952,0
2025-09-01 23:57:52.120750,1321.71,918.45,967.005,846.3000000000001,692.835,693.615,958.425,782.34,32,66,-951,0
2025-09-01 23:57:52.143000,3359.2650000000003,1553.175,1468.74,1511.4450000000002,1106.235,1069.185,1429.935,1211.73,16,66,-951,-64
2025-09-01 23:57:52.150500,3677.7,1365.195,1245.66,1347.255,955.5,899.34,1143.675,971.685,30,68,-944,0
2025-09-01 23:57:52.158000,3904.29,1603.875,1497.795,1590.81,1130.61,1093.755,1448.655,1210.17,26,65,-945,-64
2025-09-01 23:57:52.165500,3910.335,1460.745,1359.15,1456.26,1029.6,989.82,1259.7,1003.08,26,65,-945,-64
2025-09-01 23:57:52.173000,2224.755,842.205,803.205,826.215,608.01,559.65,655.785,545.22,26,63,-946,0
2025-09-01 23:57:52.180500,-581.49,-290.355,-254.475,-281.77500000000003,-199.485,-236.925,-389.025,-330.33,26,62,-948,-64
2025-09-01 23:57:52.188000,-1983.735,-978.12,-931.125,-930.15,-705.315,-730.86,-988.845,-869.3100000000001,25,60,-947,-64
2025-09-01 23:57:52.203000,-2940.99,-1515.15,-1575.015,-1441.245,-1117.74,-1122.81,-1397.37,-1180.335,23,62,-946,0
2025-09-01 23:57:52.214250,-2702.895,-1329.12,-1325.415,-1286.415,-958.62,-945.165,-1117.155,-943.41,28,60,-947,0
2025-09-01 23:57:52.225500,3928.665,1599.39,1494.48,1600.365,1122.42,1100.385,1440.27,1219.725,25,62,-949,-64
2025-09-01 23:57:52.236750,3939.975,1465.62,1356.225,1464.06,1017.9,991.77,1257.75,1013.025,25,62,-949,-64
2025-09-01 23:57:52.248000,2262.975,849.8100000000001,802.23,836.355,597.87,567.0600000000001,654.225,555.5550000000001,25,60,-944,-64
2025-09-01 23:57:52.259250,-551.85,-282.945,-250.77,-264.225,-212.94,-231.465,-393.315,-315.12,20,67,-953,-64
2025-09-01 23:57:52.270500,-1961.895,-966.81,-929.76,-913.965,-711.75,-723.45,-989.43,-853.905,20,62,-944,-64
2025-09-01 23:57:52.293000,-2931.63,-1514.37,-1571.505,-1431.105,-1127.88,-1115.79,-1406.73,-1169.22,21,63,-945,0
2025-09-01 23:57:52.304125,-2705.4300000000003,-1325.805,-1337.31,-1276.665,-982.215,-939.51,-1129.05,-937.17,26,63,-946,0
2025-09-01 23:57:52.315250,-3008.46,-1549.86,-1630.59,-1466.4,-1155.18,-1134.315,-1405.95,-1173.315,24,66,-949,-64
2025-09-01 23:57:52.326375,-2914.4700000000003,-1447.29,-1492.725,-1388.01,-1076.01,-1048.125,-1271.2050000000002,-1107.21,24,66,-949,-64
2025-09-01 23:57:52.337500,-2077.335,-895.0500000000001,-796.77,-869.505,-624.585,-584.415,-684.645,-552.24,24,63,-940,-64
2025-09-01 23:57:52.348625,-215.67,203.97,327.99,165.36,193.635,219.765,336.57,305.955,26,67,-953,0
2025-09-01 23:57:52.359750,1232.01,886.47,943.02,834.21,667.095,682.695,931.71,761.865,30,72,-950,-64
2025-09-01 23:57:52.382000,3270.54,1532.31,1461.3300000000002,1516.3200000000002,1090.83,1076.01,1419.6,1207.8300000000002,27,67,-954,-64
2025-09-01 23:57:52.394125,3696.615,1377.09,1261.065,1379.82,958.62,918.84,1148.55,981.435,22,63,-952,0
2025-09-01 23:57:52.406250,-3021.33,-1544.4,-1644.435,-1480.8300000000002,-1143.87,-1138.995,-1408.29,-1177.995,21,62,-947,-64
2025-09-01 23:57:52.418375,-2931.8250000000003,-1452.36,-1520.025,-1408.29,-1073.28,-1051.245,-1276.665,-1115.205,22,59,-948,0
2025-09-01 23:57:52.430500,-2105.415,-906.555,-831.48,-896.4150000000001,-631.215,-598.455,-702.0,-573.69,22,59,-948,0
2025-09-01 23:57:52.442625,-246.675,181.155,302.64,141.765,181.35,216.255,326.625,295.035,25,64,-963,-64
2025-09-01 23:57:52.454750,1198.47,864.825,926.055,814.125,662.4150000000001,686.985,923.13,755.0400000000001,27,62,-952,-64
2025-09-01 23:57:52.479000,3252.21,1531.92,1456.26,1511.4450000000002,1097.265,1080.885,1420.965,1198.47,26,62,-951,0
2025-09-01 23:57:52.489375,3750.435,1387.425,1266.135,1386.84,973.44,937.365,1159.665,986.115,23,62,-954,0
2025-09-01 23:57:52.499750,3983.46,1654.965,1539.72,1652.43,1158.885,1143.48,1485.7050000000002,1268.085,26,63,-951,0
2025-09-01 23:57:52.510125,4150.575,1541.67,1417.65,1547.13,1077.765,1050.66,1319.37,1080.69,29,63,-948,-64
2025-09-01 23:57:52.520500,2510.625,947.7,878.475,933.27,669.4350000000001,638.4300000000001,733.7850000000001,639.7950000000001,29,63,-948,-64
2025-09-01 23:57:52.530875,-409.11,-206.895,-184.47,-200.655,-154.44,-172.38,-335.01,-260.13,31,54,-963,-64
2025-09-01 23:57:52.541250,-1918.8,-920.4,-896.61,-888.0300000000001,-680.16,-692.0550000000001,-970.515,-833.4300000000001,35,57,-966,0
2025-09-01 23:57:52.562000,-3000.6600000000003,-1519.245,-1606.41,-1456.4550000000002,-1138.995,-1127.88,-1433.445,-1198.08,34,58,-960,0
2025-09-01 23:57:52.570125,-2844.855,-1381.77,-1444.365,-1349.595,-1036.035,-994.695,-1194.765,-998.4,30,58,-955,-64
2025-09-01 23:57:52.578250,4112.16,1740.765,1595.685,1739.01,1230.84,1204.125,1555.905,1331.07,25,65,-949,-64
2025-09-01 23:57:52.586375,4391.01,1628.835,1479.075,1642.095,1147.185,1109.94,1397.175,1141.53,21,63,-947,-64
2025-09-01 23:57:52.594500,2693.145,1020.825,928.98,1004.25,726.96,687.1800000000001,783.315,677.625,21,63,-947,0
2025-09-01 23:57:52.602625,-368.745,-180.57,-177.06,-184.665,-133.965,-160.095,-328.96500000000003,-263.055,24,65,-950,-64
2025-09-01 23:57:52.610750,-1987.44,-921.57,-906.165,-894.27,-685.23,-703.95,-989.04,-863.265,24,65,-950,-64
2025-09-01 23:57:52.627000,-3110.6400000000003,-1541.28,-1640.34,-1491.9450000000002,-1168.83,-1163.76,-1466.79,-1239.615,24,66,-951,-128
2025-09-01 23:57:52.637625,-2950.35,-1403.61,-1481.805,-1378.26,-1059.825,-1027.455,-1232.4,-1029.99,25,67,-952,-64
2025-09-01 23:57:52.648250,-3232.905,-1581.45,-1698.255,-1532.895,-1200.225,-1183.65,-1464.255,-1225.38,25,63,-949,-64
2025-09-01 23:57:52.658875,-3174.0150000000003,-1504.035,-1607.5800000000002,-1476.345,-1141.92,-1106.43,-1342.965,-1170.585,20,63,-955,-64
2025-09-01 23:57:52.669500,-2354.04,-963.495,-904.995,-966.81,-698.49,-650.325,-765.375,-624.975,20,65,-952,-64
2025-09-01 23:57:52.680125,-470.73,165.945,293.865,107.445,164.58,204.555,312.58500000000004,293.865,23,61,-949,0
2025-09-01 23:57:52.690750,1016.145,891.5400000000001,961.35,823.2900000000001,684.84,711.5550000000001,948.675,801.645,23,61,-949,0
2025-09-01 23:57:52.712000,3220.425,1632.15,1545.96,1599.585,1176.24,1163.175,1520.805,1312.74,24,62,-948,-64
2025-09-01 23:57:52.720125,4057.755,1537.575,1399.515,1540.5,1089.66,1050.27,1301.625,1132.365,21,59,-946,-64
2025-09-01 23:57:52.728250,3775.98,1703.52,1589.835,1678.365,1202.37,1173.51,1522.365,1303.575,24,62,-944,0
2025-09-01 23:57:52.736375,4030.65,1607.97,1476.93,1587.3,1128.075,1083.225,1366.56,1118.13,34,65,-956,0
2025-09-01 23:57:52.744500,2452.32,1019.655,954.135,981.435,733.7850000000001,680.16,792.48,682.11,28,67,-952,0
2025-09-01 23:57:52.752625,-453.96,-141.18,-118.56,-149.955,-89.11500000000001,-138.45000000000002,-286.455,-218.985,26,66,-951,-64
2025-09-01 23:57:52.760750,-1976.325,-858.195,-826.02,-835.1850000000001,-623.22,-661.44,-929.76,-798.72,26,66,-951,-64
2025-09-01 23:57:52.777000,-3083.5350000000003,-1472.835,-1530.165,-1426.815,-1097.07,-1101.945,-1400.685,-1162.98,36,63,-946,-64
2025-09-01 23:57:52.787750,-2953.86,-1352.13,-1384.11,-1327.17,-995.475,-976.365,-1181.505,-975.78,31,66,-947,-64
2025-09-01 23:57:52.798500,3702.075,1659.84,1556.88,1632.735,1174.485,1152.645,1495.4550000000002,1274.91,22,63,-946,0
2025-09-01 23:57:52.809250,3896.295,1557.855,1442.805,1538.16,1094.535,1062.165,1338.09,1087.71,23,65,-945,-64
2025-09-01 23:57:52.820000,2338.635,971.1,916.11,938.73,692.835,660.66,757.38,654.4200000000001,22,60,-947,0
2025-09-01 23:57:52.830750,-500.37,-173.745,-133.965,-176.28,-119.535,-139.035,-301.08,-237.12,26,65,-949,0
2025-09-01 23:57:52.841500,-1977.69,-875.94,-830.3100000000001,-851.565,-639.405,-652.6650000000001,-928.785,-805.35,26,65,-949,0
2025-09-01 23:57:52.863000,-3050.775,-1480.635,-1521.585,-1421.55,-1101.945,-1084.2,-1391.91,-1166.685,28,71,-948,0
2025-09-01 23:57:52.871125,-2917.005,-1355.25,-1372.8,-1319.565,-999.18,-956.865,-1165.515,-972.465,26,66,-950,0
2025-09-01 23:57:52.879250,-3112.98,-1542.84,-1621.62,-1487.46,-1136.655,-1120.665,-1399.32,-1168.05,22,63,-952,0
2025-09-01 23:57:52.887375,-3059.355,-1470.69,-1534.65,-1428.96,-1081.08,-1050.855,-1281.345,-1122.03,32,69,-950,-64
2025-09-01 23:57:52.895500,-2277.795,-952.965,-865.605,-945.555,-665.9250000000001,-616.59,-730.275,-594.945,29,68,-949,-64
2025-09-01 23:57:52.903625,-470.145,142.74,263.445,71.175,146.64,184.665,292.11,262.86,30,64,-950,-64
2025-09-01 23:57:52.911750,950.04,831.6750000000001,895.0500000000001,748.995,638.235,665.145,904.605,735.5400000000001,30,64,-950,-64
2025-09-01 23:57:52.928000,3007.875,1534.65,1459.38,1478.295,1095.705,1092.195,1445.34,1219.725,30,59,-955,-64
2025-09-01 23:57:52.938625,3700.905,1443.975,1318.98,1425.84,1016.535,984.555,1238.64,1052.025,25,62,-954,-64
2025-09-01 23:57:52.949250,-3089.775,-1544.79,-1620.645,-1488.24,-1134.12,-1113.06,-1397.175,-1174.875,23,59,-940,0
2025-09-01 23:57:52.959875,-3040.44,-1477.905,-1535.235,-1437.735,-1081.47,-1049.1,-1286.61,-1128.66,22,64,-951,0
2025-09-01 23:57:52.970500,-2267.85,-962.325,-878.6700000000001,-957.06,-662.4150000000001,-620.1,-733.98,-605.6700000000001,21,60,-949,-64
2025-09-01 23:57:52.981125,-465.075,118.95,254.28,62.010000000000005,137.67000000000002,185.445,280.8,249.015,26,61,-948,-64
2025-09-01 23:57:52.991750,954.135,816.075,886.86,735.735,633.36,664.95,894.465,724.62,26,61,-948,-64
2025-09-01 23:57:53.013000,3017.625,1525.68,1454.895,1471.47,1093.95,1098.045,1441.05,1211.145,26,68,-964,-64
2025-09-01 23:57:53.024125,3743.805,1448.265,1319.175,1423.89,1015.95,997.035,1240.395,1040.13,23,62,-953,-64
2025-09-01 23:57:53.035250,3667.56,1625.715,1504.23,1589.25,1138.02,1132.17,1476.15,1255.8,26,53,-945,0
2025-09-01 23:57:53.046375,3929.055,1539.135,1400.685,1506.765,1072.305,1055.925,1329.315,1080.495,26,53,-945,0
2025-09-01 23:57:53.057500,2446.275,980.46,900.9,932.1,689.715,663.0,774.735,657.345,25,57,-946,0
2025-09-01 23:57:53.068625,-361.92,-146.64,-133.38,-161.655,-109.785,-118.17,-268.125,-210.6,27,60,-948,-64
2025-09-01 23:57:53.079750,-1839.045,-845.9100000000001,-823.2900000000001,-833.82,-625.5600000000001,-629.265,-893.2950000000001,-777.6600000000001,27,60,-948,-64
2025-09-01 23:57:53.102000,-2954.445,-1466.2050000000002,-1533.09,-1421.16,-1089.66,-1072.305,-1375.53,-1153.425,25,59,-955,-64
2025-09-01 23:57:53.113250,-2864.355,-1372.995,-1416.09,-1343.16,-1009.71,-967.59,-1181.31,-980.85,28,57,-945,-64
2025-09-01 23:57:53.124500,-3054.09,-1538.55,-1631.9550000000002,-1482.39,-1144.65,-1116.765,-1410.825,-1176.63,26,59,-949,-64
2025-09-01 23:57:53.135750,-3026.01,-1485.7050000000002,-1565.46,-1438.905,-1100.58,-1069.965,-1304.55,-1131.0,26,59,-949,-64
2025-09-01 23:57:53.147000,-2275.065,-978.705,-920.985,-974.22,-696.15,-648.96,-768.105,-624.0,28,62,-945,-64
2025-09-01 23:57:53.158250,-500.76,91.845,217.62,32.76,106.47,149.76,244.14,229.125,28,60,-947,0
2025-09-01 23:57:53.169500,898.755,776.1,849.4200000000001,706.875,600.6,630.0450000000001,859.755,702.78,27,62,-948,0
2025-09-01 23:57:53.192000,2970.63,1498.185,1434.615,1450.02,1074.84,1073.28,1419.21,1198.47,27,62,-948,0
2025-09-01 23:57:53.199500,3791.97,1447.485,1324.44,1432.47,1020.24,988.065,1238.445,1052.025,22,63,-945,0
2025-09-01 23:57:53.207000,3653.325,1613.235,1514.175,1574.235,1144.845,1108.965,1466.4,1241.37,28,62,-945,-64
2025-09-01 23:57:53.214500,3971.565,1540.89,1415.505,1506.96,1082.835,1038.18,1329.315,1074.645,28,62,-945,-64
2025-09-01 23:57:53.222000,2540.46,993.33,930.54,954.72,709.02,661.635,793.845,668.46,29,62,-947,0
2025-09-01 23:57:53.229500,-259.545,-126.36,-96.72,-135.915,-78.78,-117.195,-247.455,-196.365,31,61,-943,-64
2025-09-01 23:57:53.237000,-1748.37,-828.1650000000001,-784.6800000000001,-810.8100000000001,-593.775,-634.9200000000001,-871.26,-765.57,31,61,-945,-64
2025-09-01 23:57:53.252000,-2901.21,-1463.085,-1501.5,-1410.435,-1073.67,-1085.565,-1373.97,-1151.475,31,61,-945,-64
2025-09-01 23:57:53.263250,-2850.705,-1393.86,-1418.625,-1352.13,-1015.365,-997.035,-1196.13,-998.985,35,60,-952,-64
2025-09-01 23:57:53.274500,3652.155,1602.12,1524.51,1570.14,1138.8,1106.625,1468.35,1232.79,28,62,-951,-64
2025-09-01 23:57:53.285750,3990.285,1536.6,1435.98,1520.415,1079.91,1037.4,1336.725,1071.915,28,62,-951,-64
2025-09-01 23:57:53.297000,2573.415,998.01,949.65,967.2,710.97,661.635,800.475,666.315,32,64,-956,-64
2025-09-01 23:57:53.308250,-234.585,-121.095,-78.78,-123.825,-78.58500000000001,-118.365,-241.8,-192.465,27,62,-953,-64
2025-09-01 23:57:53.319500,-1735.6950000000002,-823.095,-759.33,-800.085,-596.505,-632.385,-871.65,-769.47,26,65,-952,0
2025-09-01 23:57:53.342000,-2893.02,-1463.475,-1482.0,-1404.39,-1079.91,-1088.685,-1373.385,-1161.42,26,65,-952,0
2025-09-01 23:57:53.349625,-2855.19,-1397.37,-1407.9,-1361.295,-1029.015,-1008.54,-1196.91,-1012.245,37,64,-945,0
2025-09-01 23:57:53.357250,-3014.895,-1549.0800000000002,-1607.385,-1489.605,-1148.16,-1144.845,-1422.135,-1199.445,27,62,-944,0
2025-09-01 23:57:53.364875,-3011.19,-1504.23,-1560.78,-1458.015,-1116.765,-1093.755,-1328.145,-1166.1,27,62,-944,0
2025-09-01 23:57:53.372500,-2291.835,-1027.65,-935.61,-1010.1,-720.9150000000001,-691.08,-807.69,-674.7,23,59,-943,0
2025-09-01 23:57:53.380125,-535.47,33.735,188.175,-9.75,76.05,101.79,195.975,179.205,25,59,-946,-64
2025-09-01 23:57:53.387750,856.0500000000001,724.815,826.02,666.315,563.745,588.51,817.83,657.5400000000001,23,60,-947,-64
2025-09-01 23:57:53.403000,2930.85,1463.865,1427.79,1424.67,1057.095,1043.25,1396.395,1169.61,23,66,-947,-64
2025-09-01 23:57:53.414375,3890.64,1450.605,1347.645,1450.995,1019.655,984.555,1245.27,1046.37,22,61,-946,-128
2025-09-01 23:57:53.425750,-3013.335,-1544.985,-1612.845,-1482.1950000000002,-1147.965,-1130.415,-1432.665,-1186.185,27,66,-948,-64
2025-09-01 23:57:53.437125,-3017.4300000000003,-1503.06,-1570.53,-1456.65,-1121.25,-1082.445,-1344.135,-1154.4,27,66,-948,-64
2025-09-01 23:57:53.448500,-2302.755,-1027.455,-960.57,-1014.39,-735.735,-685.035,-830.895,-669.0450000000001,29,64,-960,-64
2025-09-01 23:57:53.459875,-554.97,32.76,171.99,-18.525,63.765,112.32,169.65,176.085,23,65,-953,-64
2025-09-01 23:57:53.471250,827.58,723.645,807.3000000000001,656.955,555.945,597.09,785.46,660.075,23,70,-946,-128
2025-09-01 23:57:53.494000,2899.26,1469.715,1417.4550000000002,1419.99,1050.465,1057.875,1376.31,1176.63,23,66,-944,0
2025-09-01 23:57:53.501375,3892.59,1467.5700000000002,1343.55,1460.55,1018.68,997.425,1231.62,1065.285,23,62,-946,-64
2025-09-01 23:57:53.508750,3604.185,1596.465,1481.805,1575.99,1117.74,1118.715,1452.75,1241.76,25,58,-947,-128
2025-09-01 23:57:53.516125,4029.285,1546.545,1404.195,1538.745,1076.01,1061.58,1331.46,1091.415,25,58,-947,-128
2025-09-01 23:57:53.523500,2678.13,1031.745,933.27,1008.15,721.5,705.9,817.0500000000001,704.9250000000001,30,60,-952,-64
2025-09-01 23:57:53.530875,-122.46,-76.44,-79.56,-69.61500000000001,-56.940000000000005,-75.465,-215.085,-155.415,28,70,-950,0
2025-09-01 23:57:53.538250,-1634.1,-786.0450000000001,-771.8100000000001,-749.19,-577.2,-589.095,-851.1750000000001,-737.49,22,64,-937,0
2025-09-01 23:57:53.553000,-2843.49,-1440.855,-1509.105,-1373.385,-1076.985,-1059.825,-1370.655,-1139.58,22,65,-944,-64
2025-09-01 23:57:53.564375,-2852.85,-1407.315,-1482.0,-1352.325,-1044.615,-997.815,-1230.645,-1014.975,24,64,-945,0
2025-09-01 23:57:53.575750,3602.04,1597.05,1490.5800000000002,1581.84,1129.245,1112.28,1444.755,1233.96,25,62,-950,-64
2025-09-01 23:57:53.587125,4059.705,1549.86,1418.04,1551.615,1083.03,1049.49,1334.385,1083.81,25,62,-950,0
2025-09-01 23:57:53.598500,2730.0,1034.865,954.915,1032.915,732.225,698.88,818.4150000000001,701.025,22,65,-953,0
2025-09-01 23:57:53.609875,-85.41,-74.49000000000001,-68.055,-54.015,-47.97,-75.465,-212.16,-155.22,26,65,-960,-64
2025-09-01 23:57:53.621250,-1611.87,-778.0500000000001,-758.1600000000001,-734.955,-567.45,-587.9250000000001,-847.275,-734.37,27,62,-959,0
2025-09-01 23:57:53.644000,-2833.545,-1442.61,-1490.775,-1371.63,-1066.455,-1065.09,-1370.655,-1135.29,26,66,-949,-64
2025-09-01 23:57:53.655000,-2852.85,-1413.555,-1467.375,-1361.1,-1043.25,-1016.34,-1238.445,-1020.825,26,64,-947,-64
2025-09-01 23:57:53.666000,-2989.74,-1526.85,-1589.4450000000002,-1463.28,-1131.195,-1124.175,-1419.6,-1170.39,23,60,-944,-128
2025-09-01 23:57:53.677000,-3012.75,-1505.2050000000002,-1567.41,-1451.5800000000002,-1114.425,-1093.755,-1344.525,-1157.715,25,65,-948,-64
2025-09-01 23:57:53.688000,-2328.885,-1048.905,-981.045,-1023.555,-744.12,-700.635,-847.275,-683.6700000000001,25,65,-948,-64
2025-09-01 23:57:53.699000,-608.01,-4.68,140.205,-38.415,46.8,85.8,146.25,156.975,25,63,-936,-64
2025-09-01 23:57:53.710000,757.965,685.035,781.95,628.2900000000001,541.32,573.495,765.57,642.72,35,61,-921,0
2025-09-01 23:57:53.732000,2840.76,1450.02,1406.145,1404.975,1049.1,1045.98,1370.655,1178.19,29,63,-933,0
2025-09-01 23:57:53.743875,3947.58,1480.245,1365.585,1477.905,1045.98,1009.32,1255.605,1076.985,33,66,-939,-64
2025-09-01 23:57:53.755750,3526.38,1581.645,1497.795,1561.755,1133.535,1107.99,1445.145,1234.74,25,62,-951,-64
2025-09-01 23:57:53.767625,4032.6,1552.785,1437.15,1542.06,1102.335,1060.02,1342.575,1089.075,26,64,-952,0
2025-09-01 23:57:53.779500,2768.025,1055.34,988.845,1038.765,766.35,717.99,844.9350000000001,717.6,26,64,-952,0
2025-09-01 23:57:53.791375,-26.52,-49.14,-28.665000000000003,-38.805,-9.945,-59.475,-185.64,-131.04,29,67,-960,0
2025-09-01 23:57:53.803250,-1557.66,-755.4300000000001,-712.53,-717.015,-526.89,-565.11,-821.73,-715.845,29,65,-957,-64
2025-09-01 23:57:53.827000,-2809.17,-1429.545,-1460.355,-1358.37,-1038.18,-1056.12,-1363.245,-1131.39,29,63,-951,0
2025-09-01 23:57:53.837375,-2875.08,-1426.035,-1466.4,-1371.435,-1038.57,-1021.605,-1244.88,-1032.525,25,63,-950,0
2025-09-01 23:57:53.847750,-2977.065,-1522.56,-1578.915,-1462.305,-1138.02,-1142.115,-1420.38,-1173.51,22,61,-948,-64
2025-09-01 23:57:53.858125,-3018.405,-1509.3,-1575.795,-1465.815,-1127.1,-1117.935,-1352.13,-1167.27,27,57,-951,-128
2025-09-01 23:57:53.868500,-2358.915,-1065.48,-1007.37,-1054.755,-769.86,-742.95,-870.48,-704.535,24,59,-952,-128
2025-09-01 23:57:53.878875,-657.15,-24.96,113.49,-76.635,18.525,40.755,111.15,131.235,24,60,-953,0
2025-09-01 23:57:53.889250,693.03,664.365,747.63,592.215,510.51,524.94,731.25,615.4200000000001,25,60,-953,0
2025-09-01 23:57:53.910000,2776.8,1444.365,1389.96,1385.085,1031.355,1013.415,1353.495,1166.49,25,59,-955,-64
2025-09-01 23:57:53.918250,3985.995,1508.91,1371.045,1491.165,1039.155,997.815,1262.04,1096.095,25,55,-953,-64
2025-09-01 23:57:53.926500,-2955.81,-1527.63,-1588.665,-1451.5800000000002,-1136.85,-1142.115,-1420.185,-1175.655,25,65,-950,-64
2025-09-01 23:57:53.934750,-3011.19,-1524.51,-1590.81,-1454.895,-1136.655,-1119.495,-1356.03,-1173.51,24,70,-951,0
2025-09-01 23:57:53.943000,-2360.085,-1084.59,-1022.19,-1047.735,-779.025,-745.2900000000001,-881.205,-710.97,24,70,-953,-64
2025-09-01 23:57:53.951250,-673.14,-47.97,90.09,-74.88,4.68,29.64,108.42,116.61,24,68,-951,-64
2025-09-01 23:57:53.959500,674.3100000000001,637.455,732.4200000000001,587.9250000000001,498.615,518.115,723.84,593.97,24,68,-951,-64
2025-09-01 23:57:53.976000,2754.375,1415.31,1380.405,1387.815,1017.12,1014.78,1346.475,1150.89,24,67,-947,-64
2025-09-01 23:57:53.986750,4004.13,1486.875,1371.63,1504.815,1035.06,1002.495,1273.155,1084.98,27,68,-948,0
2025-09-01 23:57:53.997500,-2956.005,-1505.79,-1600.365,-1445.535,-1134.9,-1120.47,-1401.66,-1175.07,30,63,-952,-64
2025-09-01 23:57:54.008250,-3019.77,-1510.275,-1609.14,-1459.185,-1138.605,-1108.77,-1343.55,-1181.31,28,60,-946,-128
2025-09-01 23:57:54.019000,-2390.895,-1086.345,-1054.95,-1067.235,-793.26,-749.775,-877.695,-732.225,28,59,-949,0
2025-09-01 23:57:54.029750,-721.11,-64.74000000000001,59.085,-104.52,-16.38,22.62,101.595,92.04,29,59,-949,0
2025-09-01 23:57:54.040500,608.4,622.0500000000001,697.515,559.65,482.43,507.78,719.16,570.765,29,59,-949,0
2025-09-01 23:57:54.062000,2680.86,1409.265,1352.325,1359.345,1007.565,1006.2,1350.57,1124.76,25,66,-936,0
2025-09-01 23:57:54.070125,3957.525,1501.89,1361.88,1498.185,1038.765,1006.2,1294.41,1078.935,28,66,-942,-64
2025-09-01 23:57:54.078250,3377.01,1552.005,1445.73,1528.995,1103.895,1086.15,1413.165,1200.03,27,64,-956,-64
2025-09-01 23:57:54.086375,3994.575,1552.005,1412.385,1545.5700000000002,1096.875,1056.51,1338.87,1080.3,28,65,-936,-64
2025-09-01 23:57:54.094500,2875.275,1104.285,996.84,1095.9,783.12,745.095,873.21,737.6850000000001,28,64,-946,-64
2025-09-01 23:57:54.102625,130.455,26.52,8.58,34.905,30.225,-5.265000000000001,-136.11,-91.065,23,67,-946,-64
2025-09-01 23:57:54.110750,-1400.295,-668.655,-662.22,-641.745,-483.99,-511.875,-772.7850000000001,-667.485,23,67,-946,-64
2025-09-01 23:57:54.127000,-2730.195,-1378.26,-1433.055,-1312.35,-1019.85,-1019.265,-1344.915,-1113.255,24,68,-938,-64
2025-09-01 23:57:54.138000,-2874.3,-1431.69,-1520.805,-1379.04,-1063.53,-1027.65,-1272.96,-1057.875,22,63,-949,-64
2025-09-01 23:57:54.149000,3361.215,1551.225,1462.5,1522.56,1099.41,1076.205,1410.825,1203.54,22,63,-969,-64
2025-09-01 23:57:54.160000,3985.995,1558.245,1435.785,1541.28,1088.88,1051.635,1338.48,1089.075,21,58,-948,-64
2025-09-01 23:57:54.171000,2892.24,1109.355,1025.31,1101.75,780.78,735.345,879.0600000000001,753.87,21,56,-953,-64
2025-09-01 23:57:54.182000,151.515,30.42,44.46,44.46,28.08,-8.775,-117.39,-77.61,23,56,-947,0
2025-09-01 23:57:54.193000,-1375.725,-659.6850000000001,-629.46,-631.8000000000001,-479.895,-515.58,-753.2850000000001,-656.76,23,56,-947,0
2025-09-01 23:57:54.215000,-2712.255,-1377.09,-1402.635,-1309.035,-1010.49,-1025.31,-1332.435,-1099.605,13,55,-938,0
2025-09-01 23:57:54.223125,-2872.545,-1433.835,-1485.7050000000002,-1380.405,-1057.68,-1037.4,-1268.085,-1051.05,22,66,-944,0
2025-09-01 23:57:54.231250,-2888.34,-1477.905,-1545.5700000000002,-1417.4550000000002,-1090.635,-1092.975,-1376.7,-1159.275,27,57,-952,-64
2025-09-01 23:57:54.239375,-2989.155,-1502.67,-1589.835,-1450.215,-1107.015,-1098.435,-1338.48,-1172.73,27,57,-952,-64
2025-09-01 23:57:54.247500,-2401.815,-1109.745,-1073.085,-1077.57,-784.6800000000001,-758.5500000000001,-894.6600000000001,-753.87,30,59,-946,0
2025-09-01 23:57:54.255625,-778.245,-105.3,23.79,-141.57,-30.81,1.365,57.915,57.72,28,57,-949,-64
2025-09-01 23:57:54.263750,519.285,570.96,661.83,516.165,457.275,476.775,670.02,531.375,28,57,-949,-64
2025-09-01 23:57:54.280000,2574.39,1359.54,1326.0,1320.735,998.79,982.02,1314.3,1100.19,25,59,-956,0
2025-09-01 23:57:54.290375,3964.155,1498.77,1373.385,1506.5700000000002,1063.53,1021.8,1290.12,1090.245,25,55,-945,0
2025-09-01 23:57:54.300750,-2884.05,-1490.775,-1559.22,-1417.845,-1102.92,-1092.975,-1368.51,-1158.105,23,65,-949,-64
2025-09-01 23:57:54.311125,-2992.665,-1514.9550000000002,-1602.315,-1449.63,-1129.83,-1103.115,-1338.285,-1178.97,23,65,-949,-64
2025-09-01 23:57:54.321500,-2410.395,-1129.44,-1091.61,-1087.71,-810.8100000000001,-766.35,-903.825,-761.28,24,67,-946,-64
2025-09-01 23:57:54.331875,-801.645,-129.87,5.07,-157.95000000000002,-55.575,-15.6,54.6,47.190000000000005,25,70,-947,-64
2025-09-01 23:57:54.342250,488.28,538.395,634.725,491.205,432.315,464.685,661.635,524.5500000000001,25,70,-947,0
2025-09-01 23:57:54.363000,2546.505,1339.845,1304.745,1307.67,974.415,978.12,1314.885,1099.995,22,67,-952,0
2025-09-01 23:57:54.381625,3965.13,1490.775,1364.025,1500.72,1052.415,1018.485,1302.405,1096.095,28,62,-957,0
2025-09-01 23:57:54.400250,3247.725,1522.755,1445.925,1487.85,1079.715,1057.875,1416.87,1195.35,29,62,-952,0
2025-09-01 23:57:54.418875,3961.425,1556.685,1437.15,1540.6950000000002,1083.42,1049.295,1368.315,1098.63,29,62,-952,0
2025-09-01 23:57:54.437500,2979.6,1143.87,1053.0,1126.125,805.5450000000001,757.575,935.61,792.2850000000001,31,61,-948,-64
2025-09-01 23:57:54.456125,273.39,82.485,88.72500000000001,79.95,61.425,22.425,-52.65,-33.345,30,61,-947,-64
2025-09-01 23:57:54.474750,-1268.475,-611.91,-575.445,-591.0450000000001,-442.845,-480.675,-682.3050000000001,-604.695,26,63,-948,0
2025-09-01 23:57:54.512000,-2652.195,-1340.82,-1355.445,-1284.66,-990.015,-1001.325,-1278.03,-1078.74,26,63,-948,0
2025-09-01 23:57:54.520000,-2876.835,-1444.755,-1497.99,-1393.86,-1074.84,-1058.07,-1255.02,-1060.605,21,61,-946,0
2025-09-01 23:57:54.528000,-2866.3050000000003,-1477.125,-1527.24,-1408.29,-1099.995,-1087.125,-1372.995,-1160.835,26,67,-948,-64
2025-09-01 23:57:54.536000,-2996.175,-1524.12,-1596.855,-1463.085,-1135.875,-1110.135,-1359.735,-1192.815,26,67,-948,-64
2025-09-01 23:57:54.544000,-2448.81,-1153.23,-1104.675,-1115.4,-828.1650000000001,-788.58,-933.27,-786.63,26,62,-939,-64
2025-09-01 23:57:54.552000,-848.0550000000001,-159.12,-21.06,-182.325,-73.71000000000001,-38.61,16.77,14.82,25,65,-942,0
2025-09-01 23:57:54.560000,428.805,511.095,619.71,471.315,412.425,441.48,624.0,497.445,28,66,-948,0
2025-09-01 23:57:54.576000,2499.12,1330.68,1317.03,1304.745,972.66,971.295,1298.31,1093.365,28,66,-948,0
2025-09-01 23:57:54.586875,4054.44,1522.95,1397.37,1539.525,1068.015,1031.55,1319.565,1115.205,26,66,-945,0
2025-09-01 23:57:54.597750,3226.86,1519.635,1442.415,1505.79,1071.72,1080.69,1416.87,1208.61,24,63,-952,-64
2025-09-01 23:57:54.608625,4041.765,1579.305,1456.845,1582.62,1091.415,1082.64,1386.84,1131.39,24,63,-952,-64
2025-09-01 23:57:54.619500,3147.885,1184.04,1091.22,1190.085,821.145,804.1800000000001,972.075,827.58,27,61,-965,-64
2025-09-01 23:57:54.630375,411.84,128.70000000000002,131.235,138.645,85.02,76.44,-15.405,5.46,28,63,-956,0
2025-09-01 23:57:54.641250,-1163.37,-569.985,-531.57,-534.69,-426.27,-427.635,-651.885,-581.6850000000001,25,60,-955,0
2025-09-01 23:57:54.663000,-2620.4100000000003,-1323.27,-1328.145,-1252.095,-989.235,-973.245,-1269.45,-1068.405,25,56,-955,0
2025-09-01 23:57:54.674125,-2888.925,-1458.6,-1507.155,-1399.515,-1094.73,-1041.69,-1278.225,-1062.75,25,61,-961,-64
2025-09-01 23:57:54.685250,3183.96,1489.8,1441.05,1482.78,1066.455,1071.915,1418.625,1188.525,27,66,-951,-64
2025-09-01 23:57:54.696375,4014.27,1554.735,1457.82,1571.895,1095.315,1082.25,1392.885,1116.96,27,66,-951,-64
2025-09-01 23:57:54.707500,3163.875,1175.07,1101.75,1185.99,834.21,808.47,983.58,828.5550000000001,23,67,-958,-64
2025-09-01 23:57:54.718625,444.99,128.70000000000002,149.565,144.885,103.545,85.995,0.0,16.965,28,64,-953,-64
2025-09-01 23:57:54.729750,-1126.71,-569.79,-509.535,-529.035,-401.31,-417.3,-639.21,-566.085,26,64,-952,0
2025-09-01 23:57:54.752000,-2593.5,-1317.03,-1313.52,-1248.0,-962.91,-965.445,-1261.4550000000002,-1053.585,24,63,-952,-64
2025-09-01 23:57:54.763250,-2881.905,-1469.325,-1502.865,-1410.045,-1081.665,-1047.15,-1275.495,-1070.745,24,65,-952,-64
2025-09-01 23:57:54.774500,-2814.045,-1456.845,-1478.88,-1380.795,-1069.77,-1060.995,-1355.25,-1131.975,28,66,-948,-64
2025-09-01 23:57:54.785750,-2985.84,-1526.85,-1583.4,-1461.3300000000002,-1122.03,-1100.775,-1354.86,-1183.455,28,66,-948,-64
2025-09-01 23:57:54.797000,-2478.4500000000003,-1182.675,-1130.22,-1147.185,-845.715,-809.64,-961.155,-807.105,25,60,-940,0
2025-09-01 23:57:54.808250,-942.24,-214.305,-59.67,-250.38,-113.295,-78.58500000000001,-31.98,-28.86,33,65,-943,0
2025-09-01 23:57:54.819500,301.86,444.795,566.085,383.37,366.015,393.315,575.835,450.06,28,66,-947,-64
2025-09-01 23:57:54.842000,2349.165,1275.885,1281.15,1220.31,937.56,938.925,1266.3300000000002,1057.29,25,67,-947,-64
2025-09-01 23:57:54.849500,3996.915,1517.685,1407.51,1512.225,1069.77,1034.67,1331.46,1121.445,31,67,-947,-64
2025-09-01 23:57:54.857000,3018.6,1445.73,1410.24,1382.745,1027.065,1035.06,1375.335,1162.395,25,60,-950,-64
2025-09-01 23:57:54.864500,3858.27,1527.24,1442.025,1487.655,1068.795,1051.44,1363.8300000000002,1096.29,25,60,-950,0
2025-09-01 23:57:54.872000,3125.2650000000003,1170.0,1105.26,1148.355,831.6750000000001,796.965,983.58,834.21,31,60,-947,0
2025-09-01 23:57:54.879500,494.13,145.86,169.65,144.495,121.875,95.16,23.01,30.03,24,57,-940,0
2025-09-01 23:57:54.887000,-1046.955,-538.395,-480.09,-513.4350000000001,-373.815,-398.775,-608.4,-539.1750000000001,30,58,-932,-64
2025-09-01 23:57:54.902000,-2526.225,-1303.575,-1284.66,-1240.59,-944.97,-940.68,-1243.71,-1037.79,31,62,-945,-128
2025-09-01 23:57:54.913500,-2880.54,-1483.755,-1512.03,-1423.695,-1085.565,-1056.315,-1295.97,-1082.835,31,59,-948,0
2025-09-01 23:57:54.925000,2956.7850000000003,1422.525,1386.06,1372.215,1024.725,1014.0,1355.445,1146.015,29,62,-953,-64
2025-09-01 23:57:54.936500,3818.295,1521.975,1430.325,1491.36,1072.89,1041.105,1359.15,1097.265,29,61,-950,0
2025-09-01 23:57:54.948000,3145.935,1180.92,1101.165,1158.885,848.0550000000001,801.0600000000001,986.31,837.33,29,61,-950,0
2025-09-01 23:57:54.959500,542.6850000000001,159.9,178.425,168.48000000000002,139.425,97.5,35.1,49.53,22,53,-945,-64
2025-09-01 23:57:54.971000,-993.72,-515.97,-467.415,-490.035,-350.02500000000003,-388.44,-593.58,-515.385,27,50,-939,0
2025-09-01 23:57:54.994000,-2501.46,-1284.66,-1287.975,-1217.385,-922.155,-937.17,-1238.64,-1021.41,28,56,-946,-64
2025-09-01 23:57:55.001500,-2877.42,-1480.44,-1541.475,-1417.65,-1078.155,-1061.97,-1300.065,-1075.62,28,59,-948,-64
2025-09-01 23:57:55.009000,2901.21,1397.76,1377.48,1376.115,1012.635,990.21,1340.04,1134.51,32,68,-949,-64
2025-09-01 23:57:55.016500,3789.825,1510.275,1435.98,1508.52,1072.305,1029.21,1356.615,1091.805,24,69,-949,0
2025-09-01 23:57:55.024000,3181.0350000000003,1186.185,1122.81,1193.595,847.86,801.84,1000.35,843.57,24,69,-949,-64
2025-09-01 23:57:55.031500,600.015,170.43,202.215,205.92,153.465,109.2,44.07,61.035,26,68,-949,0
2025-09-01 23:57:55.039000,-937.365,-501.735,-445.575,-450.06,-333.45,-378.69,-578.955,-510.12,26,68,-949,0
2025-09-01 23:57:55.054000,-2467.92,-1282.71,-1260.675,-1189.695,-915.135,-938.34,-1233.765,-1010.295,27,62,-949,-64
2025-09-01 23:57:55.065250,-2881.32,-1494.285,-1541.085,-1418.04,-1089.855,-1076.4,-1322.295,-1092.585,30,60,-950,0
2025-09-01 23:57:55.076500,-2700.5550000000003,-1406.34,-1450.995,-1336.92,-1036.815,-1051.05,-1347.45,-1123.785,25,55,-949,-64
2025-09-01 23:57:55.087750,-2938.8450000000003,-1519.05,-1597.245,-1453.335,-1127.88,-1124.37,-1383.72,-1209.195,32,56,-940,-64
2025-09-01 23:57:55.099000,-2513.745,-1218.75,-1203.735,-1184.625,-886.6650000000001,-866.385,-1031.745,-861.12,27,59,-943,0
2025-09-01 23:57:55.110250,-1052.025,-294.645,-154.83,-327.795,-186.615,-162.63,-131.82,-108.615,29,65,-946,-64
2025-09-01 23:57:55.121500,129.48000000000002,346.32,466.635,285.48,274.95,296.79,464.1,355.485,29,65,-946,-64
2025-09-01 23:57:55.144000,2145.195,1202.76,1208.61,1129.05,859.755,862.095,1182.285,976.17,27,64,-950,0
2025-09-01 23:57:55.151375,3968.64,1520.415,1404.78,1501.305,1049.685,1015.17,1322.88,1098.63,26,63,-952,0
2025-09-01 23:57:55.158750,-2678.715,-1408.29,-1460.355,-1321.125,-1036.035,-1036.62,-1340.625,-1104.09,21,63,-961,-64
2025-09-01 23:57:55.166125,-2926.365,-1527.825,-1623.18,-1448.46,-1130.61,-1116.18,-1388.2050000000002,-1194.765,26,63,-954,-64
2025-09-01 23:57:55.173500,-2511.795,-1229.28,-1231.035,-1184.235,-897.195,-864.63,-1039.74,-862.6800000000001,28,67,-951,0
2025-09-01 23:57:55.180875,-1065.48,-301.47,-183.885,-337.74,-203.58,-169.455,-143.91,-112.71,27,66,-953,0
2025-09-01 23:57:55.188250,109.59,338.52000000000004,440.31,273.975,261.885,292.5,449.28,348.46500000000003,27,66,-953,0
2025-09-01 23:57:55.203000,2128.035,1201.395,1187.355,1122.03,847.6650000000001,855.855,1169.025,984.945,28,63,-949,-128
2025-09-01 23:57:55.214375,3975.465,1536.405,1395.225,1512.42,1045.395,1014.195,1321.905,1119.3,27,62,-953,-64
2025-09-01 23:57:55.225750,2821.26,1416.675,1364.22,1335.165,980.655,986.115,1323.855,1105.845,25,63,-951,0
2025-09-01 23:57:55.237125,3798.015,1560.78,1447.485,1499.55,1060.605,1042.86,1362.465,1085.955,22,65,-938,0
2025-09-01 23:57:55.248500,3336.645,1268.475,1155.96,1229.28,859.5600000000001,833.235,1028.43,868.9200000000001,23,68,-941,-64
2025-09-01 23:57:55.259875,773.37,272.805,255.06,264.42,184.08,167.115,93.21,100.62,24,68,-945,0
2025-09-01 23:57:55.271250,-780.975,-401.31,-375.765,-379.47,-299.13,-315.90000000000003,-524.5500000000001,-459.615,24,68,-945,0
2025-09-01 23:57:55.294000,-2375.49,-1200.03,-1208.415,-1137.24,-888.4200000000001,-890.37,-1201.785,-982.995,22,64,-944,0
2025-09-01 23:57:55.305000,-2863.77,-1467.5700000000002,-1536.21,-1404.585,-1099.605,-1061.97,-1326.975,-1096.095,22,63,-950,-64
2025-09-01 23:57:55.316000,2794.35,1381.575,1362.075,1311.57,986.895,994.11,1318.98,1107.99,23,61,-948,0
2025-09-01 23:57:55.327000,3776.76,1528.02,1444.365,1486.485,1072.89,1049.1,1365.78,1089.855,26,66,-955,-64
2025-09-01 23:57:55.338000,3349.905,1254.435,1160.64,1225.77,879.0600000000001,849.615,1038.96,882.375,25,63,-954,-64
2025-09-01 23:57:55.349000,802.4250000000001,265.395,265.98,260.91,206.505,181.935,110.955,119.535,28,61,-948,-64
2025-09-01 23:57:55.360000,-754.845,-403.26,-364.845,-379.275,-272.415,-292.11,-504.855,-439.92,28,61,-948,-64
2025-09-01 23:57:55.382000,-2360.085,-1208.22,-1200.42,-1134.51,-864.63,-862.485,-1186.38,-972.66,30,63,-962,0
2025-09-01 23:57:55.394250,-2859.87,-1483.56,-1547.325,-1418.43,-1086.54,-1050.27,-1329.315,-1099.41,26,64,-956,-128
2025-09-01 23:57:55.406500,-2636.985,-1373.5800000000002,-1420.38,-1312.545,-1008.93,-998.985,-1319.76,-1092.0,20,64,-957,0
2025-09-01 23:57:55.418750,-2925.0,-1522.95,-1608.36,-1464.06,-1123.005,-1097.85,-1385.67,-1200.42,23,56,-950,0
2025-09-01 23:57:55.431000,-2554.89,-1255.41,-1255.41,-1229.475,-916.305,-872.0400000000001,-1061.97,-878.865,26,59,-951,0
2025-09-01 23:57:55.443250,-1143.285,-355.68,-231.075,-400.92,-232.44,-188.175,-180.765,-141.765,25,61,-949,-128
2025-09-01 23:57:55.455500,7.41,277.485,391.95,200.46,229.71,262.27500000000003,404.04,314.925,25,61,-949,-128
2025-09-01 23:57:55.480000,2027.025,1154.4,1158.495,1061.97,828.36,842.985,1142.115,959.205,30,61,-958,0
2025-09-01 23:57:55.490250,3997.5,1535.43,1411.215,1497.21,1055.73,1041.105,1343.16,1125.345,25,64,-960,-128
2025-09-01 23:57:55.500500,-2630.355,-1361.49,-1421.55,-1302.6,-1008.345,-1002.105,-1311.18,-1089.075,24,65,-953,0
2025-09-01 23:57:55.510750,-2929.6800000000003,-1515.54,-1625.715,-1460.94,-1122.03,-1102.725,-1386.255,-1207.44,24,65,-953,0
2025-09-01 23:57:55.521000,-2572.83,-1254.825,-1279.785,-1233.18,-922.935,-879.0600000000001,-1065.675,-888.615,23,66,-952,0
2025-09-01 23:57:55.531250,-1171.17,-355.095,-259.545,-406.77,-233.61,-192.855,-190.71,-148.59,22,62,-948,-64
2025-09-01 23:57:55.541500,-28.08,276.705,371.085,189.93,223.665,264.615,397.995,304.785,22,62,-948,-64
2025-09-01 23:57:55.562000,1984.905,1155.96,1142.505,1054.755,826.605,848.445,1137.045,952.185,24,58,-961,0
2025-09-01 23:57:55.569750,3979.365,1550.835,1402.635,1503.06,1068.99,1044.225,1347.645,1129.44,23,56,-952,0
2025-09-01 23:57:55.577500,2668.77,1356.225,1307.475,1282.32,963.105,968.175,1303.185,1077.96,27,62,-953,-64
2025-09-01 23:57:55.585250,3711.825,1542.45,1427.595,1485.315,1062.165,1049.49,1377.87,1089.465,27,62,-953,-64
2025-09-01 23:57:55.593000,3441.5550000000003,1289.925,1170.39,1259.7,893.49,867.945,1077.18,893.6850000000001,25,66,-950,-64
2025-09-01 23:57:55.600750,936.78,324.09000000000003,299.325,307.125,235.56,209.43,160.68,134.745,26,65,-949,0
2025-09-01 23:57:55.608500,-640.575,-338.91,-334.035,-329.745,-240.435,-261.105,-457.08,-418.47,24,65,-948,-64
2025-09-01 23:57:55.624000,-2303.34,-1167.075,-1191.45,-1106.04,-843.765,-847.275,-1159.08,-967.98,24,65,-948,-64
2025-09-01 23:57:55.635000,-2878.59,-1494.285,-1598.805,-1427.01,-1097.46,-1074.255,-1340.04,-1120.86,23,61,-960,-128
2025-09-01 23:57:55.646000,2590.5750000000003,1344.3300000000002,1310.01,1272.18,967.59,953.355,1290.51,1076.985,27,60,-951,-64
2025-09-01 23:57:55.657000,3667.17,1544.595,1439.295,1492.92,1080.495,1043.64,1377.87,1095.315,27,60,-951,-64
2025-09-01 23:57:55.668000,3484.26,1316.835,1196.91,1289.535,920.205,875.5500000000001,1095.51,911.235,35,61,-953,-64
2025-09-01 23:57:55.679000,996.84,355.485,334.815,353.34000000000003,273.78000000000003,223.665,188.37,164.38500000000002,33,61,-953,0
2025-09-01 23:57:55.690000,-588.51,-308.88,-294.45,-289.96500000000003,-199.68,-246.675,-426.465,-389.025,32,66,-953,-64
2025-09-01 23:57:55.712000,-2275.8450000000003,-1144.455,-1150.305,-1073.865,-811.98,-837.135,-1138.605,-941.85,32,66,-953,-64
2025-09-01 23:57:55.720125,-2893.02,-1489.02,-1590.225,-1419.405,-1084.2,-1081.08,-1343.16,-1114.035,31,58,-946,0
2025-09-01 23:57:55.728250,-2576.145,-1327.56,-1365.0,-1247.025,-956.085,-974.805,-1280.565,-1045.005,24,63,-947,0
2025-09-01 23:57:55.736375,-2933.385,-1522.755,-1609.725,-1434.225,-1106.625,-1108.965,-1391.325,-1184.04,24,63,-947,0
2025-09-01 23:57:55.744500,-2636.4,-1300.26,-1316.64,-1247.805,-937.56,-917.865,-1105.845,-904.215,28,70,-955,-64
2025-09-01 23:57:55.752625,-1298.895,-434.85,-305.76,-450.255,-275.535,-255.06,-257.205,-188.76,21,67,-949,-64
2025-09-01 23:57:55.760750,-192.465,189.54,318.435,137.28,175.5,197.925,322.33500000000004,257.79,24,64,-949,0
2025-09-01 23:57:55.777000,1801.995,1086.735,1110.33,1018.29,795.015,794.4300000000001,1089.465,932.88,24,64,-949,0
2025-09-01 23:57:55.787750,3931.395,1558.635,1434.81,1535.8200000000002,1078.35,1038.375,1361.1,1158.3,25,65,-953,0
2025-09-01 23:57:55.798500,2502.8250000000003,1313.325,1301.04,1236.495,960.765,944.58,1251.315,1067.82,26,62,-950,0
2025-09-01 23:57:55.809250,3624.66,1539.135,1457.625,1484.145,1095.705,1055.145,1366.365,1100.385,26,62,-950,0
2025-09-01 23:57:55.820000,3565.185,1341.795,1244.88,1314.3,952.77,902.07,1107.21,947.31,24,65,-948,-64
2025-09-01 23:57:55.830750,1114.62,405.21,404.04,386.49,315.315,264.81,218.985,210.795,24,64,-948,-64
2025-09-01 23:57:55.841500,-472.485,-258.96000000000004,-217.035,-243.945,-156.39,-200.655,-388.635,-333.45,22,66,-946,-64
2025-09-01 23:57:55.863000,-2207.205,-1107.21,-1076.205,-1041.105,-777.855,-797.1600000000001,-1114.62,-906.165,23,61,-952,0
2025-09-01 23:57:55.871000,-2894.385,-1492.92,-1546.155,-1416.675,-1078.35,-1065.87,-1351.155,-1108.575,25,63,-951,0
2025-09-01 23:57:55.879000,2462.85,1304.55,1299.48,1230.645,943.8,939.51,1255.02,1066.065,31,60,-949,-64
2025-09-01 23:57:55.887000,3587.2200000000003,1544.595,1461.3300000000002,1478.88,1083.42,1054.365,1378.26,1115.595,31,60,-949,-64
2025-09-01 23:57:55.895000,3578.445,1350.96,1255.215,1316.055,950.235,911.235,1125.345,955.5,36,58,-954,0
2025-09-01 23:57:55.903000,1149.915,428.22,409.89,397.02,312.975,278.265,240.435,229.905,27,62,-948,0
2025-09-01 23:57:55.911000,-445.185,-231.66,-210.015,-234.78,-155.805,-185.64,-366.795,-317.85,33,60,-941,0
2025-09-01 23:57:55.927000,-2198.04,-1088.49,-1071.72,-1039.935,-779.4150000000001,-790.53,-1099.995,-891.5400000000001,31,64,-946,-64
2025-09-01 23:57:55.937750,-2905.695,-1489.8,-1564.485,-1432.275,-1088.88,-1072.11,-1350.375,-1114.62,27,65,-948,0
2025-09-01 23:57:55.948500,-2529.3450000000003,-1268.085,-1298.505,-1208.22,-937.755,-919.23,-1256.19,-1025.115,29,65,-953,-128
2025-09-01 23:57:55.959250,-2931.63,-1491.36,-1576.575,-1431.885,-1117.935,-1078.545,-1391.91,-1194.57,29,65,-953,0
2025-09-01 23:57:55.970000,-2688.855,-1305.525,-1336.335,-1272.765,-966.03,-906.36,-1133.73,-936.975,23,62,-950,0
2025-09-01 23:57:55.980750,-1400.49,-468.195,-350.22,-500.175,-319.41,-260.325,-301.27500000000003,-237.705,24,67,-939,0
2025-09-01 23:57:55.991500,-320.77500000000003,149.76,265.98,75.27,125.58,180.375,265.2,196.95,22,63,-939,-64
2025-09-01 23:57:56.013000,1654.965,1062.555,1082.64,960.375,758.1600000000001,791.7,1052.61,881.4,26,57,-944,0
2025-09-01 23:57:56.024125,3873.675,1585.545,1454.31,1524.12,1082.055,1070.94,1382.355,1158.3,26,60,-947,-64
2025-09-01 23:57:56.035250,-2492.295,-1273.155,-1286.415,-1200.615,-927.81,-919.425,-1221.675,-1011.66,29,63,-947,0
2025-09-01 23:57:56.046375,-2919.735,-1510.86,-1581.45,-1432.86,-1117.155,-1090.635,-1375.725,-1195.545,28,66,-948,-64
2025-09-01 23:57:56.057500,-2705.625,-1339.845,-1359.93,-1287.195,-983.97,-935.805,-1137.435,-950.04,28,66,-948,-64
2025-09-01 23:57:56.068625,-1447.68,-519.285,-390.0,-537.03,-356.46000000000004,-297.375,-313.56,-261.885,32,60,-946,0
2025-09-01 23:57:56.079750,-383.955,91.065,224.835,32.175000000000004,87.555,141.96,250.38,173.745,28,63,-940,0
2025-09-01 23:57:56.102000,1581.255,1004.055,1040.91,926.64,730.86,760.5,1044.615,866.385,28,66,-949,-64
2025-09-01 23:57:56.113250,3844.425,1555.905,1452.165,1520.61,1070.94,1060.8,1390.935,1154.01,24,63,-952,0
2025-09-01 23:57:56.124500,-2479.0350000000003,-1263.6,-1274.325,-1178.97,-927.615,-917.475,-1219.725,-998.985,24,62,-942,0
2025-09-01 23:57:56.135750,-2918.955,-1508.325,-1578.3300000000002,-1422.135,-1119.3,-1092.78,-1379.235,-1185.99,23,59,-947,0
2025-09-01 23:57:56.147000,-2717.52,-1348.62,-1374.75,-1283.1,-988.455,-948.87,-1146.405,-948.87,23,59,-947,0
2025-09-01 23:57:56.158250,-1467.765,-535.47,-415.155,-539.565,-363.285,-318.825,-333.45,-264.03000000000003,24,61,-944,-64
2025-09-01 23:57:56.169500,-417.3,75.66,202.995,31.785,77.61,117.585,234.195,172.965,29,59,-941,-64
2025-09-01 23:57:56.192000,1533.675,994.695,1027.26,929.175,722.085,733.2,1026.09,869.7,26,62,-947,-64
2025-09-01 23:57:56.199625,3812.835,1560.585,1442.22,1536.99,1071.135,1046.955,1392.3,1170.39,26,60,-946,0
2025-09-01 23:57:56.207250,2236.65,1243.515,1220.895,1173.705,871.65,880.815,1216.02,1021.995,29,62,-957,-64
2025-09-01 23:57:56.214875,3419.52,1527.825,1426.62,1474.785,1045.59,1030.38,1386.45,1107.405,23,66,-951,-64
2025-09-01 23:57:56.222500,3686.28,1405.17,1267.695,1387.815,955.305,920.985,1195.935,994.5,26,67,-961,-64
2025-09-01 23:57:56.230125,1379.82,520.65,465.27,511.68,355.29,323.115,342.03000000000003,292.11,26,62,-955,0
2025-09-01 23:57:56.237750,-216.255,-132.405,-139.425,-113.685,-106.86,-135.33,-260.91,-247.455,29,62,-955,0
2025-09-01 23:57:56.253000,-2048.67,-1005.615,-1017.51,-940.29,-743.5350000000001,-754.26,-1021.8,-847.275,29,66,-948,-64
2025-09-01 23:57:56.264125,-2898.675,-1496.235,-1598.22,-1416.675,-1116.375,-1092.39,-1354.86,-1134.9,28,66,-949,0
2025-09-01 23:57:56.275250,2199.21,1226.55,1222.845,1150.11,865.605,881.205,1204.905,1002.495,23,63,-947,0
2025-09-01 23:57:56.286375,3391.635,1515.345,1433.64,1460.745,1046.565,1036.815,1383.135,1094.145,26,61,-937,0
2025-09-01 23:57:56.297500,3720.6,1410.24,1285.245,1382.94,962.91,935.415,1197.69,991.185,26,62,-944,0
2025-09-01 23:57:56.308625,1433.055,533.325,498.615,516.945,363.675,340.47,348.855,293.475,24,64,-945,0
2025-09-01 23:57:56.319750,-168.87,-120.12,-105.105,-106.08,-93.015,-113.49,-248.625,-240.63,24,64,-945,0
2025-09-01 23:57:56.342000,-2014.155,-997.425,-976.56,-936.195,-729.3000000000001,-732.615,-1014.0,-839.865,25,62,-945,-64
2025-09-01 23:57:56.357250,-2891.655,-1488.825,-1567.8,-1418.04,-1112.865,-1087.515,-1357.98,-1130.805,27,63,-943,0
2025-09-01 23:57:56.372500,-2380.9500000000003,-1200.225,-1202.76,-1142.505,-881.4,-891.15,-1182.87,-972.27,26,64,-940,0
2025-09-01 23:57:56.387750,-2869.425,-1481.22,-1539.915,-1410.045,-1095.12,-1094.34,-1372.605,-1182.87,26,65,-959,-64
2025-09-01 23:57:56.403000,-2737.605,-1354.0800000000002,-1380.795,-1310.2050000000002,-1003.08,-975.585,-1178.19,-975.39,26,65,-956,-64
2025-09-01 23:57:56.418250,-1563.9,-578.955,-458.835,-608.4,-403.455,-364.065,-395.655,-309.46500000000003,26,64,-951,-64
2025-09-01 23:57:56.433500,-550.485,23.01,155.22,-47.97,33.345,72.735,165.75,118.755,26,64,-951,-64
2025-09-01 23:57:56.464000,1366.365,935.61,984.945,840.84,678.015,697.125,980.85,820.365,28,67,-955,0
2025-09-01 23:57:56.471875,3704.22,1553.9550000000002,1454.31,1499.55,1072.11,1050.66,1398.93,1173.315,27,65,-951,-64
2025-09-01 23:57:56.479750,2050.425,1173.9,1186.185,1071.915,825.63,839.6700000000001,1167.075,986.895,22,61,-941,-64
2025-09-01 23:57:56.487625,3248.31,1481.415,1417.845,1402.245,1020.045,1011.66,1367.145,1101.75,23,61,-965,-64
2025-09-01 23:57:56.495500,3702.27,1409.85,1301.04,1363.8300000000002,961.35,934.245,1210.365,1021.215,26,61,-956,0
2025-09-01 23:57:56.503375,1514.175,567.84,539.565,531.57,382.785,357.045,390.975,344.565,29,62,-952,-64
2025-09-01 23:57:56.511250,-67.665,-75.27,-60.45,-88.92,-70.395,-87.555,-203.19,-187.98,29,62,-952,-64
2025-09-01 23:57:56.527000,-1930.89,-961.155,-938.73,-921.375,-707.46,-722.6700000000001,-980.46,-803.595,30,58,-963,-128
2025-09-01 23:57:56.537750,-2882.1,-1497.405,-1566.24,-1439.295,-1131.195,-1102.53,-1363.245,-1126.905,28,64,-953,0
2025-09-01 23:57:56.548500,-2304.9,-1164.15,-1193.01,-1104.285,-862.875,-869.115,-1169.025,-960.765,27,69,-960,-64
2025-09-01 23:57:56.559250,-2836.275,-1464.84,-1560.585,-1402.44,-1093.95,-1085.955,-1380.015,-1189.89,26,62,-957,-64
2025-09-01 23:57:56.570000,-2749.695,-1372.41,-1449.825,-1335.75,-1025.7,-992.55,-1210.95,-1001.13,23,62,-951,-64
2025-09-01 23:57:56.580750,-1627.47,-627.705,-543.075,-652.275,-442.455,-407.745,-447.33,-354.705,22,61,-951,-64
2025-09-01 23:57:56.591500,-625.1700000000001,-28.275,74.88,-98.67,-3.51,21.645,107.835,69.42,22,61,-951,-64
2025-09-01 23:57:56.613000,1263.99,883.5450000000001,919.035,795.99,647.01,663.975,928.005,784.485,26,62,-932,-64
2025-09-01 23:57:56.621250,3657.615,1551.42,1426.815,1489.995,1069.575,1041.105,1388.985,1168.245,22,60,-940,0
2025-09-01 23:57:56.629500,-2291.25,-1156.35,-1165.125,-1092.39,-834.99,-867.75,-1156.545,-941.46,22,67,-930,0
2025-09-01 23:57:56.637750,-2829.645,-1463.67,-1529.775,-1392.3,-1071.135,-1088.295,-1377.87,-1188.915,22,64,-942,0
2025-09-01 23:57:56.646000,-2761.7850000000003,-1380.405,-1434.03,-1337.115,-1008.15,-1001.325,-1217.19,-1006.2,23,64,-947,0
2025-09-01 23:57:56.654250,-1654.77,-652.47,-543.855,-672.5550000000001,-440.505,-416.91,-461.175,-371.28,27,62,-944,0
2025-09-01 23:57:56.662500,-664.1700000000001,-53.43,70.005,-122.265,-10.53,6.63,91.26,54.6,27,62,-944,0
2025-09-01 23:57:56.679000,1215.63,864.825,915.72,772.395,644.085,646.4250000000001,911.625,772.59,33,69,-956,-128
2025-09-01 23:57:56.689500,3623.1,1548.495,1437.54,1483.365,1079.52,1036.815,1384.695,1166.49,26,67,-942,-64
2025-09-01 23:57:56.700000,1909.05,1127.88,1135.485,1028.235,809.25,811.59,1125.735,949.845,30,65,-940,0
2025-09-01 23:57:56.710500,3132.48,1468.74,1402.8300000000002,1383.72,1024.53,1009.125,1359.345,1089.855,30,65,-940,0
2025-09-01 23:57:56.721000,3796.26,1449.24,1325.025,1406.145,999.96,963.3,1240.98,1045.59,27,67,-945,0
2025-09-01 23:57:56.731500,1714.8300000000002,652.08,592.605,609.375,454.155,409.695,459.615,394.68,29,65,-949,-64
2025-09-01 23:57:56.742000,114.075,10.92,3.705,3.315,8.19,-34.32,-134.94,-138.45000000000002,29,65,-949,0
2025-09-01 23:57:56.763000,-1799.85,-878.2800000000001,-872.0400000000001,-840.45,-637.65,-672.36,-920.205,-765.1800000000001,24,68,-946,0
2025-09-01 23:57:56.774125,-2865.7200000000003,-1482.0,-1563.7050000000002,-1408.29,-1093.95,-1092.585,-1358.175,-1131.585,20,59,-938,-64
2025-09-01 23:57:56.785250,1848.405,1103.115,1123.59,1015.365,807.69,808.275,1110.33,943.995,26,62,-948,-64
2025-09-01 23:57:56.796375,3073.7850000000003,1450.41,1395.03,1378.65,1032.33,1005.42,1357.2,1088.88,26,62,-948,-64
2025-09-01 23:57:56.807500,3784.17,1438.125,1328.34,1410.825,1008.93,971.49,1251.51,1053.585,23,60,-948,-64
2025-09-01 23:57:56.818625,1728.09,654.4200000000001,612.495,626.34,472.095,426.27,469.17,402.87,24,63,-950,0
2025-09-01 23:57:56.829750,136.89,14.625,17.745,17.94,29.445,-14.43,-117.39,-121.875,23,61,-949,-64
2025-09-01 23:57:56.852000,-1779.18,-871.65,-855.465,-820.755,-620.6850000000001,-644.6700000000001,-912.21,-745.485,23,61,-949,-64
2025-09-01 23:57:56.863250,-2865.525,-1486.095,-1566.825,-1411.995,-1086.93,-1080.3,-1364.415,-1130.22,28,66,-932,0
2025-09-01 23:57:56.874500,-2211.495,-1111.11,-1093.56,-1035.255,-799.695,-816.465,-1103.31,-911.625,27,61,-948,0
2025-09-01 23:57:56.885750,-2804.295,-1447.29,-1487.0700000000002,-1361.1,-1057.485,-1063.335,-1358.565,-1176.045,27,61,-948,0
2025-09-01 23:57:56.897000,-2804.685,-1412.5800000000002,-1455.09,-1342.38,-1031.94,-1009.32,-1235.52,-1023.945,25,62,-960,-64
2025-09-01 23:57:56.908250,-1770.015,-720.525,-603.33,-711.5550000000001,-494.325,-459.615,-510.705,-414.18,26,63,-951,-64
2025-09-01 23:57:56.919500,-806.325,-133.185,11.7,-171.79500000000002,-63.375,-35.1,30.42,6.4350000000000005,29,62,-950,0
2025-09-01 23:57:56.942000,1030.575,782.145,862.875,717.6,596.7,609.765,860.145,728.13,29,62,-950,0
2025-09-01 23:57:56.949500,3471.0,1523.145,1442.61,1478.685,1068.405,1041.105,1394.835,1169.805,30,66,-958,-64
2025-09-01 23:57:56.957000,1722.435,1048.515,1071.525,982.41,772.59,780.585,1082.64,915.72,31,63,-946,0
2025-09-01 23:57:56.964500,2957.76,1415.115,1368.7050000000002,1364.805,1008.345,998.01,1351.155,1079.13,31,63,-946,0
2025-09-01 23:57:56.972000,3812.64,1452.165,1339.4550000000002,1440.855,1021.41,986.31,1278.42,1068.6,35,66,-955,-64
2025-09-01 23:57:56.979500,1853.28,692.445,649.74,692.25,500.565,466.05,525.72,448.11,33,67,-949,-64
2025-09-01 23:57:56.987000,267.15000000000003,54.6,61.815000000000005,82.875,59.67,26.325,-66.885,-83.07000000000001,30,68,-951,-64
2025-09-01 23:57:57.002000,-1675.44,-837.9150000000001,-813.5400000000001,-763.23,-587.73,-607.4250000000001,-862.6800000000001,-713.3100000000001,30,68,-951,192
2025-09-01 23:57:57.013250,-2847.195,-1501.6950000000002,-1571.7,-1395.03,-1086.54,-1076.01,-1356.03,-1131.0,26,66,-962,0
2025-09-01 23:57:57.024500,-2117.895,-1076.595,-1060.41,-990.21,-762.0600000000001,-767.715,-1059.63,-864.0450000000001,23,62,-950,0
2025-09-01 23:57:57.035750,-2747.355,-1438.125,-1471.275,-1338.87,-1039.155,-1024.53,-1336.725,-1149.33,23,62,-950,0
2025-09-01 23:57:57.047000,-2810.5350000000003,-1437.15,-1481.805,-1357.2,-1037.79,-1011.27,-1240.785,-1029.6,31,58,-954,0
2025-09-01 23:57:57.058250,-1819.155,-782.9250000000001,-663.585,-754.26,-516.945,-480.285,-554.19,-443.04,31,56,-949,-64
2025-09-01 23:57:57.069500,-873.4050000000001,-198.9,-49.92,-219.57,-97.695,-57.72,-3.12,-32.565,29,58,-951,-64
2025-09-01 23:57:57.092000,937.56,721.695,806.52,663.975,562.77,585.195,838.89,694.2,30,57,-953,0
2025-09-01 23:57:57.099750,3440.58,1500.3300000000002,1434.42,1467.5700000000002,1073.475,1053.78,1416.48,1167.27,25,61,-950,0
2025-09-01 23:57:57.107500,-2085.33,-1064.7,-1026.675,-986.895,-741.78,-762.645,-1033.11,-858.195,22,62,-949,-64
2025-09-01 23:57:57.115250,-2726.49,-1428.375,-1450.605,-1338.48,-1023.165,-1028.43,-1324.635,-1149.135,22,62,-949,-64
2025-09-01 23:57:57.123000,-2813.85,-1446.9,-1476.15,-1361.88,-1037.985,-1021.215,-1239.42,-1043.055,19,60,-942,-128
2025-09-01 23:57:57.130750,-1846.65,-798.525,-666.315,-770.64,-531.57,-501.345,-554.97,-462.54,29,62,-950,-64
2025-09-01 23:57:57.138500,-909.285,-218.79,-48.555,-237.9,-98.475,-79.17,-13.065,-47.97,29,69,-944,-64
2025-09-01 23:57:57.154000,889.005,695.76,808.86,646.62,556.9200000000001,566.28,826.605,676.26,25,67,-944,0
2025-09-01 23:57:57.165125,3400.02,1489.8,1446.9,1468.155,1071.33,1047.93,1419.405,1166.88,26,67,-948,0
2025-09-01 23:57:57.176250,1548.885,985.725,1041.3,928.59,731.835,742.365,1031.55,869.7,26,60,-948,0
2025-09-01 23:57:57.187375,2800.7850000000003,1385.67,1367.535,1336.335,990.795,979.875,1329.12,1059.045,26,60,-948,0
2025-09-01 23:57:57.198500,3846.96,1482.0,1387.23,1483.56,1036.815,1005.81,1312.935,1100.19,24,63,-954,-64
2025-09-01 23:57:57.209625,2051.01,778.245,742.365,776.1,557.895,515.97,597.09,513.4350000000001,28,59,-944,-64
2025-09-01 23:57:57.220750,460.2,142.155,162.63,166.335,121.095,80.34,18.33,-7.605,32,59,-964,-64
2025-09-01 23:57:57.243000,-1531.92,-754.065,-708.825,-677.0400000000001,-522.015,-552.4350000000001,-792.6750000000001,-639.015,28,63,-961,-64
2025-09-01 23:57:57.250625,-2823.6,-1470.69,-1509.3,-1368.9,-1065.675,-1064.895,-1350.57,-1112.67,28,65,-956,0
2025-09-01 23:57:57.258250,1447.095,963.69,1002.69,895.245,705.9,741.975,988.65,830.895,25,60,-949,0
2025-09-01 23:57:57.265875,2694.51,1372.41,1337.115,1312.155,966.615,994.305,1297.725,1030.77,22,62,-949,0
2025-09-01 23:57:57.273500,3831.36,1498.77,1388.4,1486.29,1035.645,1037.205,1306.11,1094.73,22,62,-949,0
2025-09-01 23:57:57.281125,2131.935,821.9250000000001,763.23,810.615,574.86,563.16,617.76,523.38,16,61,-941,-64
2025-09-01 23:57:57.288750,546.0,185.25,185.835,199.29,142.935,134.55,29.25,3.315,21,59,-932,0
2025-09-01 23:57:57.304000,-1463.67,-708.0450000000001,-681.9150000000001,-647.01,-499.785,-501.735,-772.7850000000001,-646.23,24,58,-943,0
2025-09-01 23:57:57.315250,-2809.56,-1459.185,-1508.715,-1351.935,-1061.385,-1036.62,-1364.22,-1134.12,23,60,-943,0
2025-09-01 23:57:57.326500,1422.72,936.39,988.065,867.945,698.88,738.6600000000001,976.755,823.485,30,66,-949,0
2025-09-01 23:57:57.337750,2683.59,1359.93,1331.85,1291.68,970.515,988.065,1294.41,1032.525,27,64,-947,-64
2025-09-01 23:57:57.349000,3873.285,1502.67,1390.74,1489.02,1051.44,1038.57,1318.98,1101.165,27,64,-947,-64
2025-09-01 23:57:57.360250,2203.89,834.21,776.49,824.655,593.385,569.4,640.38,537.8100000000001,25,68,-953,0
2025-09-01 23:57:57.371500,611.13,197.73,205.14,215.475,161.07,135.525,57.525,18.72,23,63,-943,0
2025-09-01 23:57:57.394000,-1408.68,-692.64,-662.61,-625.365,-478.92,-488.67,-751.53,-621.855,25,64,-946,-64
2025-09-01 23:57:57.404750,-2798.835,-1459.185,-1514.76,-1354.0800000000002,-1054.56,-1037.01,-1355.64,-1129.05,23,62,-946,0
2025-09-01 23:57:57.415500,-1933.425,-953.745,-953.16,-884.13,-679.77,-695.565,-982.41,-792.48,30,65,-948,0
2025-09-01 23:57:57.426250,-2663.895,-1358.9550000000002,-1410.24,-1278.615,-989.625,-989.04,-1313.13,-1130.805,21,64,-948,0
2025-09-01 23:57:57.437000,-2880.15,-1458.99,-1545.375,-1382.355,-1074.06,-1040.52,-1301.82,-1084.59,21,64,-948,0
2025-09-01 23:57:57.447750,-2024.88,-880.0350000000001,-804.57,-856.44,-614.835,-578.1750000000001,-676.455,-559.845,24,65,-949,0
2025-09-01 23:57:57.458500,-1127.1,-308.49,-185.64,-338.71500000000003,-196.95,-154.245,-141.57,-154.05,24,65,-949,0
2025-09-01 23:57:57.480000,608.4,597.09,674.895,533.13,461.955,495.3,696.9300000000001,577.2,25,61,-945,0
2025-09-01 23:57:57.492375,3165.24,1484.73,1406.73,1436.175,1047.93,1035.645,1379.43,1148.355,26,59,-945,-64
2025-09-01 23:57:57.504750,-1895.79,-928.785,-921.765,-874.38,-663.78,-670.605,-969.345,-789.5550000000001,27,64,-950,0
2025-09-01 23:57:57.517125,-2640.69,-1345.695,-1387.62,-1272.96,-976.56,-973.245,-1307.67,-1121.835,21,65,-950,-64
2025-09-01 23:57:57.529500,-2878.7850000000003,-1454.505,-1545.96,-1396.2,-1073.28,-1036.23,-1310.985,-1080.495,24,64,-952,-64
2025-09-01 23:57:57.541875,-2044.185,-883.9350000000001,-815.49,-883.9350000000001,-628.2900000000001,-576.4200000000001,-700.245,-565.89,26,65,-950,-64
2025-09-01 23:57:57.554250,-1153.815,-318.435,-199.095,-366.6,-210.405,-164.775,-166.53,-163.215,26,65,-950,-64
2025-09-01 23:57:57.579000,569.205,589.29,669.63,500.76,444.795,480.48,665.9250000000001,565.695,25,68,-951,0
2025-09-01 23:57:57.589375,3143.5950000000003,1489.8,1409.85,1407.315,1039.545,1029.6,1359.54,1141.92,25,68,-948,-64
2025-09-01 23:57:57.599750,1216.02,865.8000000000001,927.225,776.49,655.98,667.2900000000001,908.115,796.575,22,63,-951,0
2025-09-01 23:57:57.610125,2493.855,1307.67,1297.725,1226.94,947.115,944.385,1250.925,1023.36,24,59,-971,-64
2025-09-01 23:57:57.620500,3869.58,1525.095,1419.6,1495.65,1070.16,1040.91,1329.9,1141.335,23,62,-959,-64
2025-09-01 23:57:57.630875,2402.01,910.065,850.59,881.205,651.495,616.005,692.25,618.5400000000001,26,61,-956,-64
2025-09-01 23:57:57.641250,808.275,276.90000000000003,277.29,268.90500000000003,222.69,190.515,113.685,94.965,26,61,-956,-64
2025-09-01 23:57:57.662000,-1267.11,-610.155,-584.025,-571.74,-416.91,-436.995,-697.515,-536.0550000000001,26,60,-959,-128
2025-09-01 23:57:57.670750,-2783.04,-1432.47,-1492.14,-1357.005,-1033.305,-1025.505,-1355.64,-1093.365,27,62,-953,0
2025-09-01 23:57:57.679500,-1809.6,-874.77,-874.965,-822.9,-607.4250000000001,-648.375,-918.45,-719.94,24,63,-941,0
2025-09-01 23:57:57.688250,-2602.08,-1313.325,-1349.4,-1244.49,-944.58,-967.2,-1277.835,-1076.595,22,70,-951,0
2025-09-01 23:57:57.697000,-2911.35,-1466.79,-1565.85,-1403.22,-1069.77,-1061.19,-1318.2,-1066.845,23,66,-948,0
2025-09-01 23:57:57.705750,-2144.025,-930.93,-883.9350000000001,-929.76,-655.005,-625.95,-743.145,-585.39,24,67,-947,0
2025-09-01 23:57:57.714500,-1278.225,-378.69,-261.3,-420.225,-240.435,-217.62,-212.355,-184.275,24,67,-947,0
2025-09-01 23:57:57.732000,397.8,520.845,602.5500000000001,438.36,406.77,422.76,624.585,550.485,30,62,-962,0
2025-09-01 23:57:57.742125,2971.4100000000003,1456.065,1387.62,1376.505,1030.77,1006.005,1361.88,1157.715,28,62,-957,0
2025-09-01 23:57:57.752250,1059.435,806.13,884.9100000000001,722.475,600.99,622.245,878.865,750.945,20,61,-938,0
2025-09-01 23:57:57.762375,2345.07,1274.325,1275.3,1179.36,910.65,910.455,1239.03,991.77,20,69,-950,0
2025-09-01 23:57:57.772500,3835.65,1541.865,1436.175,1494.87,1066.455,1042.665,1359.15,1153.62,20,70,-950,-128
2025-09-01 23:57:57.782625,2533.44,971.49,900.705,930.735,679.77,648.375,764.205,666.51,22,64,-952,-64
2025-09-01 23:57:57.792750,953.94,349.05,342.615,329.745,262.27500000000003,223.86,188.565,149.565,22,64,-952,-64
2025-09-01 23:57:57.813000,-1149.72,-541.32,-506.61,-512.46,-367.575,-404.82,-619.32,-485.745,24,62,-967,-64
2025-09-01 23:57:57.821125,-2759.0550000000003,-1407.7050000000002,-1430.13,-1332.045,-1013.61,-1024.14,-1329.315,-1069.965,19,63,-956,-64
2025-09-01 23:57:57.829250,1025.31,794.625,871.65,699.855,595.14,604.5,858.195,745.875,26,66,-933,0
2025-09-01 23:57:57.837375,2304.51,1268.475,1267.305,1167.855,904.995,897.0,1225.575,989.625,27,68,-939,0
2025-09-01 23:57:57.845500,3840.915,1554.93,1451.775,1497.015,1075.425,1033.695,1367.145,1163.565,28,64,-945,-64
2025-09-01 23:57:57.853625,2601.105,992.355,932.685,956.475,701.61,650.325,782.145,684.255,27,62,-949,0
2025-09-01 23:57:57.861750,1021.8,373.62,373.62,354.12,280.605,232.245,204.165,164.775,27,62,-949,0
2025-09-01 23:57:57.878000,-1094.925,-515.58,-473.655,-485.94,-348.27000000000004,-394.485,-604.5,-470.73,23,64,-954,0
2025-09-01 23:57:57.888625,-2731.365,-1390.545,-1415.505,-1320.54,-1013.22,-1023.36,-1319.9550000000002,-1069.965,29,59,-945,0
2025-09-01 23:57:57.899250,-1661.4,-798.525,-756.7950000000001,-751.335,-566.475,-597.87,-851.76,-673.725,25,61,-955,-256
2025-09-01 23:57:57.909875,-2525.64,-1263.015,-1248.78,-1201.395,-913.575,-936.39,-1238.64,-1051.245,25,61,-955,-64
2025-09-01 23:57:57.920500,-2931.435,-1490.19,-1533.675,-1418.82,-1088.88,-1080.495,-1334.5800000000002,-1089.075,25,63,-953,-64
2025-09-01 23:57:57.931125,-2248.545,-1009.32,-921.57,-997.035,-716.82,-689.715,-812.955,-650.325,26,61,-950,-64
2025-09-01 23:57:57.941750,-1409.07,-466.83,-314.925,-504.27,-310.83,-283.33500000000004,-290.94,-250.965,26,61,-950,-64
2025-09-01 23:57:57.963000,212.745,417.69,551.46,339.105,327.40500000000003,351.39,532.5450000000001,471.9,29,67,-932,-64
2025-09-01 23:57:57.974125,2788.11,1404.975,1384.5,1318.2,989.625,976.95,1326.0,1126.71,35,69,-945,0
2025-09-01 23:57:57.985250,869.7,727.155,817.44,642.9150000000001,553.8000000000001,562.965,804.57,681.9150000000001,25,64,-945,0
2025-09-01 23:57:57.996375,2158.8450000000003,1216.605,1230.645,1120.665,872.0400000000001,868.5300000000001,1187.355,946.53,25,64,-945,0
2025-09-01 23:57:58.007500,3793.53,1553.9550000000002,1449.825,1498.965,1079.13,1040.715,1377.87,1154.595,24,64,-948,-64
2025-09-01 23:57:58.018625,2740.725,1051.44,965.445,1008.15,736.71,686.01,830.3100000000001,713.7,25,67,-950,-64
2025-09-01 23:57:58.029750,1176.435,444.99,422.37,418.665,322.92,274.17,260.52,197.145,27,68,-951,-64
2025-09-01 23:57:58.052000,-953.745,-437.775,-414.765,-418.08,-302.445,-341.25,-546.585,-431.535,27,68,-951,-64
2025-09-01 23:57:58.063250,-2690.61,-1356.81,-1387.035,-1282.71,-977.535,-993.72,-1305.525,-1066.26,29,66,-943,-64
2025-09-01 23:57:58.074500,809.445,702.39,784.875,619.515,524.16,552.0450000000001,783.705,663.195,25,60,-952,0
2025-09-01 23:57:58.085750,2090.4,1199.055,1206.075,1100.97,856.635,857.61,1178.385,931.71,25,60,-952,0
2025-09-01 23:57:58.097000,3738.735,1557.465,1448.655,1502.28,1072.11,1044.615,1378.065,1151.475,21,62,-950,-128
2025-09-01 23:57:58.108250,2768.61,1066.65,985.14,1028.235,742.365,696.9300000000001,847.08,726.96,27,60,-949,-64
2025-09-01 23:57:58.119500,1219.92,465.66,439.335,437.19,328.96500000000003,287.43,276.51,218.595,25,58,-948,-128
2025-09-01 23:57:58.142000,-916.305,-421.395,-394.485,-389.61,-289.77,-328.38,-523.77,-410.475,25,58,-948,-128
2025-09-01 23:57:58.149625,-2676.1800000000003,-1350.57,-1370.85,-1266.525,-981.63,-989.43,-1298.505,-1064.115,23,63,-943,0
2025-09-01 23:57:58.157250,-1509.3,-704.535,-696.5400000000001,-648.375,-508.56,-525.135,-776.49,-621.66,26,63,-946,0
2025-09-01 23:57:58.164875,-2441.985,-1198.08,-1216.215,-1118.52,-876.72,-879.255,-1192.035,-1018.29,26,63,-946,0
2025-09-01 23:57:58.172500,-2950.935,-1482.39,-1571.31,-1397.37,-1096.485,-1072.11,-1347.645,-1107.6,23,64,-946,0
2025-09-01 23:57:58.180125,-2355.405,-1056.9,-1024.335,-1024.53,-770.835,-726.765,-876.135,-700.44,27,63,-949,-64
2025-09-01 23:57:58.187750,-1560.585,-534.3000000000001,-418.86,-552.4350000000001,-378.885,-327.795,-364.065,-320.77500000000003,25,64,-950,0
2025-09-01 23:57:58.203000,-0.585,337.545,440.7,277.485,253.695,303.03000000000003,452.205,389.415,25,64,-950,0
2025-09-01 23:57:58.214250,2557.815,1360.515,1313.52,1295.385,942.63,961.935,1288.56,1095.12,28,65,-937,-64
2025-09-01 23:57:58.225500,-1468.155,-674.895,-668.46,-629.655,-500.565,-492.96,-765.96,-616.005,28,59,-948,0
2025-09-01 23:57:58.236750,-2418.585,-1173.315,-1190.28,-1102.335,-873.21,-851.955,-1185.795,-1014.195,28,59,-948,0
2025-09-01 23:57:58.248000,-2951.715,-1470.69,-1563.12,-1397.565,-1103.505,-1059.435,-1361.88,-1117.155,34,62,-957,-64
2025-09-01 23:57:58.259250,-2378.415,-1067.82,-1039.545,-1042.86,-789.75,-719.94,-892.125,-728.325,31,59,-952,0
2025-09-01 23:57:58.270500,-1599.39,-555.75,-441.675,-573.885,-395.265,-327.21000000000004,-385.71,-341.445,28,62,-947,-128
2025-09-01 23:57:58.293000,-48.945,313.17,422.175,253.5,232.05,301.86,424.125,367.575,31,63,-950,-64
2025-09-01 23:57:58.300625,2496.78,1347.84,1311.375,1272.375,937.755,964.86,1278.03,1067.235,28,62,-947,0
2025-09-01 23:57:58.308250,588.705,616.395,713.3100000000001,531.765,454.935,493.35,686.7900000000001,584.415,26,63,-949,0
2025-09-01 23:57:58.315875,1872.0,1137.825,1161.03,1035.645,799.3050000000001,823.095,1114.425,875.1600000000001,26,63,-949,0
2025-09-01 23:57:58.323500,3602.4300000000003,1549.0800000000002,1461.915,1497.405,1061.385,1052.805,1381.185,1145.04,33,66,-954,0
2025-09-01 23:57:58.331125,2896.53,1133.925,1050.855,1101.36,773.1750000000001,752.3100000000001,900.51,767.52,31,61,-948,0
2025-09-01 23:57:58.338750,1397.175,544.635,524.16,520.845,376.935,359.385,347.685,270.66,30,60,-947,-128
2025-09-01 23:57:58.354000,-739.44,-325.065,-301.08,-298.935,-238.875,-243.36,-449.67,-349.635,28,62,-950,-64
2025-09-01 23:57:58.365250,-2606.175,-1301.235,-1311.765,-1225.77,-958.035,-946.14,-1273.155,-1038.18,27,60,-947,-64
2025-09-01 23:57:58.376500,-1322.295,-606.84,-581.88,-575.445,-440.31,-467.025,-704.34,-563.745,26,67,-945,0
2025-09-01 23:57:58.387750,-2327.3250000000003,-1130.22,-1116.96,-1069.575,-825.63,-835.77,-1146.99,-986.7,26,67,-945,0
2025-09-01 23:57:58.399000,-2941.185,-1481.22,-1540.5,-1403.61,-1092.975,-1073.865,-1373.775,-1124.175,27,64,-946,-128
2025-09-01 23:57:58.410250,-2444.52,-1117.74,-1073.085,-1091.805,-811.2,-778.44,-946.92,-770.835,27,65,-937,-64
2025-09-01 23:57:58.421500,-1693.185,-617.37,-494.325,-634.14,-426.075,-391.95,-450.645,-386.88,28,58,-948,-64
2025-09-01 23:57:58.444000,-180.18,238.68,371.085,178.035,202.02,228.15,355.875,313.365,25,59,-947,-64
2025-09-01 23:57:58.451375,2350.725,1297.92,1297.14,1220.115,921.18,914.94,1242.54,1045.98,26,64,-948,0
2025-09-01 23:57:58.458750,469.755,560.625,630.0450000000001,478.335,422.76,440.7,639.405,551.655,25,62,-951,0
2025-09-01 23:57:58.466125,1758.7050000000002,1096.875,1099.995,1000.545,785.07,784.485,1080.69,853.905,26,65,-959,-64
2025-09-01 23:57:58.473500,3578.445,1574.43,1451.775,1507.935,1085.955,1053.0,1394.64,1170.39,26,65,-959,-64
2025-09-01 23:57:58.480875,3106.545,1200.81,1086.54,1162.785,828.5550000000001,782.5350000000001,967.59,819.78,27,57,-950,-64
2025-09-01 23:57:58.488250,1622.985,626.73,575.835,594.75,439.335,394.095,421.2,330.135,32,59,-953,64
2025-09-01 23:57:58.503000,-560.4300000000001,-238.095,-243.75,-233.61,-170.82,-205.725,-372.06,-288.015,29,65,-950,0
2025-09-01 23:57:58.514375,-2527.2000000000003,-1249.365,-1281.345,-1188.135,-907.725,-923.13,-1231.23,-1002.885,28,65,-951,-64
2025-09-01 23:57:58.525750,417.69,522.6,611.715,449.28,397.995,429.78,630.63,531.765,29,62,-946,0
2025-09-01 23:57:58.537125,1708.005,1066.65,1086.93,976.755,765.765,779.025,1069.38,847.6650000000001,26,62,-949,-64
2025-09-01 23:57:58.548500,3548.61,1552.785,1452.555,1498.965,1074.45,1054.95,1407.51,1171.365,26,62,-949,-64
2025-09-01 23:57:58.559875,3159.0,1211.145,1100.775,1179.945,840.84,798.525,987.285,831.48,32,65,-950,0
2025-09-01 23:57:58.571250,1684.02,639.6,594.36,612.885,455.52,416.325,444.6,336.96000000000004,28,64,-950,0
2025-09-01 23:57:58.594000,-501.15,-227.175,-221.325,-204.75,-148.005,-181.935,-348.855,-275.34000000000003,27,61,-949,-64
2025-09-01 23:57:58.605000,-2506.14,-1234.35,-1261.845,-1171.755,-902.655,-910.26,-1218.36,-1003.275,29,63,-951,0
2025-09-01 23:57:58.616000,-1123.395,-507.39,-500.37,-472.68,-369.72,-403.065,-598.845,-486.135,25,62,-940,0
2025-09-01 23:57:58.627000,-2196.87,-1059.435,-1057.485,-994.11,-772.2,-796.38,-1064.115,-927.615,25,65,-945,-64
2025-09-01 23:57:58.638000,-2922.6600000000003,-1474.395,-1550.055,-1395.615,-1085.76,-1085.565,-1347.45,-1118.325,25,65,-945,-64
2025-09-01 23:57:58.649000,-2521.935,-1171.56,-1160.64,-1135.485,-854.49,-830.3100000000001,-976.365,-815.6850000000001,22,66,-942,-64
2025-09-01 23:57:58.660000,-1815.06,-690.3000000000001,-595.9200000000001,-700.635,-490.815,-460.395,-500.175,-451.62,24,68,-936,0
2025-09-01 23:57:58.682000,-351.0,156.39,262.27500000000003,99.45,128.505,150.735,299.13,244.53,25,65,-946,-64
2025-09-01 23:57:58.694375,2173.86,1251.9,1219.92,1167.465,876.525,872.4300000000001,1220.505,1011.465,25,65,-948,-64
2025-09-01 23:57:58.706750,-1051.635,-491.01,-469.755,-460.785,-342.42,-376.155,-569.79,-463.71,25,61,-945,-64
2025-09-01 23:57:58.719125,-2145.39,-1048.905,-1029.015,-988.65,-747.825,-769.47,-1051.245,-906.75,28,59,-947,-128
2025-09-01 23:57:58.731500,-2908.62,-1477.71,-1542.45,-1399.905,-1075.425,-1068.405,-1346.67,-1112.865,28,59,-947,-128
2025-09-01 23:57:58.743875,-2529.735,-1192.62,-1184.43,-1156.545,-849.8100000000001,-823.095,-994.695,-816.465,29,62,-942,-64
2025-09-01 23:57:58.756250,-1835.145,-729.105,-624.0,-733.59,-496.665,-456.495,-518.7,-454.935,24,63,-934,-64
2025-09-01 23:57:58.781000,-381.225,121.68,233.805,59.865,121.875,154.44,272.415,230.685,24,62,-942,0
2025-09-01 23:57:58.791125,2140.515,1213.68,1212.9,1133.925,879.0600000000001,875.355,1208.415,1011.465,28,61,-944,0
2025-09-01 23:57:58.801250,223.86,407.16,526.695,361.725,342.615,366.795,537.4200000000001,475.41,25,62,-940,0
2025-09-01 23:57:58.811375,1506.18,969.345,1024.92,902.655,722.28,737.2950000000001,1004.445,806.325,30,63,-953,-64
2025-09-01 23:57:58.821500,3416.205,1525.68,1448.46,1491.75,1079.52,1057.485,1399.515,1180.14,29,64,-948,-64
2025-09-01 23:57:58.831625,3373.3050000000003,1252.875,1156.74,1247.61,885.105,846.495,1050.075,907.14,31,59,-947,-64
2025-09-01 23:57:58.841750,1950.0,715.26,673.53,703.365,523.575,479.505,530.205,435.63,31,59,-947,-64
2025-09-01 23:57:58.862000,-271.05,-143.13,-130.455,-111.54,-74.88,-108.42,-257.01,-187.59,31,64,-948,0
2025-09-01 23:57:58.870000,-2401.815,-1201.005,-1198.47,-1110.525,-850.005,-860.34,-1166.295,-941.265,27,60,-949,0
2025-09-01 23:57:58.878000,170.625,389.415,498.42,338.13,329.355,346.71000000000004,510.9,461.955,28,68,-951,-64
2025-09-01 23:57:58.886000,1450.995,955.89,1003.08,886.86,715.65,719.745,986.895,798.135,27,66,-959,64
2025-09-01 23:57:58.894000,3391.635,1530.165,1447.095,1492.14,1080.3,1053.78,1396.005,1185.99,24,67,-953,0
2025-09-01 23:57:58.902000,3430.635,1283.88,1182.87,1266.525,904.02,851.76,1056.9,922.155,23,68,-952,-64
2025-09-01 23:57:58.910000,2018.25,748.02,703.5600000000001,726.57,541.905,489.06,546.78,451.23,23,68,-952,-64
2025-09-01 23:57:58.926000,-213.525,-114.465,-93.6,-92.235,-54.405,-100.815,-236.535,-156.78,31,65,-960,-64
2025-09-01 23:57:58.936750,-2391.09,-1183.26,-1160.25,-1104.09,-834.7950000000001,-858.585,-1161.81,-925.08,27,61,-957,-64
2025-09-01 23:57:58.947500,-876.525,-385.905,-368.745,-367.77,-283.53000000000003,-289.96500000000003,-498.42,-376.74,25,64,-950,0
2025-09-01 23:57:58.958250,-2040.285,-965.835,-947.505,-913.185,-708.63,-703.95,-1001.91,-851.565,26,62,-943,-64
2025-09-01 23:57:58.969000,-2914.08,-1461.72,-1513.2,-1385.085,-1085.76,-1052.61,-1362.855,-1105.845,27,60,-945,0
2025-09-01 23:57:58.979750,-2638.545,-1241.9550000000002,-1234.935,-1201.785,-918.45,-861.51,-1060.605,-861.705,27,61,-950,0
2025-09-01 23:57:58.990500,-1993.29,-803.7900000000001,-696.5400000000001,-804.375,-575.0550000000001,-511.095,-606.84,-516.165,27,61,-950,0
2025-09-01 23:57:59.012000,-585.0,31.98,161.07,-21.255,40.17,94.965,175.89,165.165,24,61,-950,0
2025-09-01 23:57:59.022245,1913.145,1163.37,1180.53,1081.665,823.095,854.49,1149.525,972.66,26,64,-951,-64
2025-09-01 23:57:59.032491,-7.995,327.21000000000004,436.8,255.84,259.545,305.76,447.135,391.365,36,60,-955,-64
2025-09-01 23:57:59.042736,1261.845,910.065,955.695,813.345,660.66,686.595,936.0,745.6800000000001,36,59,-943,-64
2025-09-01 23:57:59.052981,3228.81,1528.605,1446.12,1460.55,1060.41,1056.51,1393.86,1170.585,33,57,-945,0
2025-09-01 23:57:59.063227,3523.65,1339.065,1224.6,1308.645,928.59,897.0,1116.375,942.24,32,61,-947,0
2025-09-01 23:57:59.073472,2161.185,832.26,771.4200000000001,789.1650000000001,577.785,549.51,621.66,488.67,32,61,-947,0
2025-09-01 23:57:59.081000,-74.10000000000001,-30.225,-21.84,-25.935,-15.6,-32.175000000000004,-161.85,-115.635,25,59,-942,0
2025-09-01 23:57:59.082000,-2320.3050000000003,-1116.57,-1105.455,-1052.61,-809.835,-803.205,-1115.985,-906.36,24,61,-944,-64
2025-09-01 23:57:59.083000,-717.6,-310.44,-313.56,-289.185,-212.745,-224.055,-426.075,-339.885,30,67,-950,0
2025-09-01 23:57:59.084000,-1923.09,-902.655,-896.025,-853.125,-646.4250000000001,-648.1800000000001,-948.87,-827.385,30,66,-950,0
2025-09-01 23:57:59.085000,-2893.02,-1444.95,-1514.565,-1364.61,-1059.63,-1033.89,-1352.13,-1123.395,28,65,-948,-128
2025-09-01 23:57:59.086000,-2709.915,-1282.125,-1302.795,-1231.035,-927.81,-889.7850000000001,-1099.02,-918.645,27,64,-951,-64
